product_star_rating,product_num_offers,product_minimum_offer_price,is_prime,product,discount_rate,has_storage,brand,log_product_num_ratings,log_storage_capacity,product_x_brand
4.3,20,72.9,False,Phone,0.111123458162018,1,HONOR,6.948897222313312,4.859812404361672,Phone_x_HONOR
4.5,1,129.99,False,Phone,0.23530795929172302,1,Samsung,8.368693183097793,4.859812404361672,Phone_x_Samsung
4.3,6,71.99,False,Phone,0.07822301881961335,1,Samsung,4.564348191467836,4.174387269895637,Phone_x_Samsung
4.5,18,143.1,False,Phone,0.4937617554858934,1,Samsung,5.82600010738045,4.859812404361672,Phone_x_Samsung
4.5,19,125.0,False,Phone,0.0791503267973857,1,Samsung,7.646831391430482,4.859812404361672,Phone_x_Samsung
4.1,11,55.9,False,Phone,0.25316455696202533,1,Xiaomi,4.68213122712422,4.174387269895637,Phone_x_Xiaomi
4.5,23,111.79,False,Phone,0.03597983616887196,1,HONOR,5.225746673713202,5.54907608489522,Phone_x_HONOR
4.2,14,50.49,False,Phone,0.03571938848406916,0,Motorola,4.68213122712422,0.0,Phone_x_Motorola
4.5,22,222.0,False,Phone,0.0,1,Samsung,6.396929655216146,4.859812404361672,Phone_x_Samsung
4.5,12,77.12,False,Phone,0.04644024160807999,1,Samsung,5.786897381366708,4.859812404361672,Phone_x_Samsung
4.4,11,59.4,False,Phone,0.042810425131305056,1,Samsung,4.948759890378168,4.859812404361672,Phone_x_Samsung
4.4,1,81.0,False,Phone,0.05813953488372093,1,Samsung,5.332718793265369,4.174387269895637,Phone_x_Samsung
4.7,20,237.0,False,Phone,0.0,1,Samsung,6.520621127558696,4.859812404361672,Phone_x_Samsung
4.2,2,141.28,False,Phone,0.16759776536312848,1,Xiaomi,3.044522437723423,4.859812404361672,Phone_x_Xiaomi
4.4,20,170.61,False,Phone,0.39234641154705163,1,Motorola,3.58351893845611,5.54907608489522,Phone_x_Motorola
4.4,13,75.6,False,Phone,0.0,1,Samsung,4.653960350157523,4.174387269895637,Phone_x_Samsung
4.4,31,148.8,False,Phone,0.0,1,Samsung,6.198478716492308,4.859812404361672,Phone_x_Samsung
4.1,10,82.5,False,Phone,0.32138009857846994,1,Motorola,5.147494476813453,4.859812404361672,Phone_x_Motorola
4.3,11,99.59,False,Phone,0.0,1,Xiaomi,4.727387818712341,2.1972245773362196,Phone_x_Xiaomi
4.5,6,109.0,False,Phone,0.0,1,Samsung,7.400620577371135,4.859812404361672,Phone_x_Samsung
3.7,10,99.99,False,Phone,0.0,1,HONOR,4.584967478670572,5.54907608489522,Phone_x_HONOR
4.6,16,138.5,False,Phone,0.06391002761128702,1,Samsung,4.330733340286331,4.859812404361672,Phone_x_Samsung
4.5,2,349.44,False,Phone,0.17084282460136674,1,Samsung,5.337538079701318,4.859812404361672,Phone_x_Samsung
4.5,10,199.99,False,Phone,0.0,1,Samsung,6.900730664045173,4.859812404361672,Phone_x_Samsung
4.6,1,549.0,False,Phone,0.15408320493066255,1,Samsung,4.5217885770490405,4.859812404361672,Phone_x_Samsung
4.1,2,167.97,False,Phone,0.10050251256281408,1,Samsung,3.7376696182833684,4.859812404361672,Phone_x_Samsung
4.3,15,263.0,False,Phone,0.0,1,SAMSUNG,6.263398262591624,5.54907608489522,Phone_x_SAMSUNG
4.5,16,103.39,False,Phone,0.0,1,Motorola,5.771441123130016,4.859812404361672,Phone_x_Motorola
4.3,13,172.19,False,Phone,0.0,1,HONOR,6.964135612418245,5.54907608489522,Phone_x_HONOR
4.3,2,821.15,True,Phone,0.0,1,Samsung,3.4965075614664802,5.54907608489522,Phone_x_Samsung
4.4,17,305.65,True,Phone,0.042802359882005876,1,Samsung,5.342334251964811,4.859812404361672,Phone_x_Samsung
4.5,15,172.99,False,Phone,0.0979381443298969,1,Samsung,5.225746673713202,4.859812404361672,Phone_x_Samsung
4.4,9,130.93,True,Phone,0.2179329608938547,1,Motorola,6.466144724237619,5.54907608489522,Phone_x_Motorola
4.5,1,287.73,False,Phone,0.0,1,SAMSUNG,6.92951677076365,5.54907608489522,Phone_x_SAMSUNG
4.3,8,60.89,False,Phone,0.111123458162018,1,Motorola,4.499809670330265,4.174387269895637,Phone_x_Motorola
4.2,11,84.61,True,Phone,0.28776978417266186,1,Motorola,2.3978952727983707,4.859812404361672,Phone_x_Motorola
4.3,22,110.9,True,Phone,0.028748148793449006,1,Samsung,4.875197323201151,4.859812404361672,Phone_x_Samsung
4.5,2,97.75,False,Phone,0.0,1,Xiaomi,6.056784013228625,4.859812404361672,Phone_x_Xiaomi
4.2,15,195.94,True,Phone,0.0,1,Samsung,3.4965075614664802,4.859812404361672,Phone_x_Samsung
4.3,1,561.43,True,Phone,0.06272120200333899,1,Xiaomi,2.4849066497880004,5.54907608489522,Phone_x_Xiaomi
4.7,2,422.06,True,Phone,0.10020040080160321,1,Apple,8.190077049719049,4.859812404361672,Phone_x_Apple
4.5,5,152.1,True,Phone,0.11953320366768543,0,Motorola,3.4339872044851463,0.0,Phone_x_Motorola
4.6,2,623.04,True,Phone,0.0715307582260372,1,Apple,8.394121193826242,4.859812404361672,Phone_x_Apple
4.2,2,144.53,True,Phone,0.11834319526627218,1,Samsung,2.9444389791664403,4.859812404361672,Phone_x_Samsung
4.3,6,112.32,False,Phone,0.0,1,HONOR,5.572154032177765,4.859812404361672,Phone_x_HONOR
4.4,1,64.99,True,Phone,0.0,1,Xiaomi,4.543294782270004,4.174387269895637,Phone_x_Xiaomi
4.3,17,94.99,True,Phone,0.06504065040650407,1,Samsung,8.131236549696116,4.859812404361672,Phone_x_Samsung
4.2,2,225.43,True,Phone,0.0,1,Xiaomi,6.423246963533519,5.54907608489522,Phone_x_Xiaomi
4.4,20,94.94,False,Phone,0.0,1,Samsung,8.193400231952097,4.174387269895637,Phone_x_Samsung
4.4,12,140.0,False,Phone,0.0,1,Samsung,7.20414929203594,4.859812404361672,Phone_x_Samsung
4.5,1,519.0,True,Phone,0.2575107296137339,1,Samsung,5.0106352940962555,4.859812404361672,Phone_x_Samsung
4.0,1,99.0,True,Phone,0.05705305267168297,1,Xiaomi,4.969813299576001,4.859812404361672,Phone_x_Xiaomi
4.2,7,229.0,True,Phone,0.03305785123966942,1,Xiaomi,4.770684624465665,5.54907608489522,Phone_x_Xiaomi
4.6,9,83.25,True,Phone,0.04122222222222215,1,Samsung,3.6109179126442243,4.174387269895637,Phone_x_Samsung
4.3,2,945.16,True,Phone,0.04549590536851683,1,Apple,5.521460917862246,5.54907608489522,Phone_x_Apple
4.6,9,224.29,False,Phone,0.0,1,Samsung,4.77912349311153,4.859812404361672,Phone_x_Samsung
4.6,1,293.0,True,Phone,0.0,1,SAMSUNG,3.9512437185814275,5.54907608489522,Phone_x_SAMSUNG
4.9,4,90.0,True,Phone,0.0,1,OPPO,2.833213344056216,4.859812404361672,Phone_x_OPPO
4.4,1,109.99,False,Phone,0.08334027835652971,1,Motorola,6.779921907472252,4.859812404361672,Phone_x_Motorola
4.3,2,139.47,False,Phone,0.0,1,HONOR,7.311218384419629,5.54907608489522,Phone_x_HONOR
4.6,2,479.04,True,Phone,0.11686143572621036,1,Apple,8.860782895806315,4.859812404361672,Phone_x_Apple
4.1,2,109.42,False,Phone,0.25578486554096314,1,Xiaomi,2.995732273553991,5.54907608489522,Phone_x_Xiaomi
4.4,2,1061.26,True,Phone,0.058381984987489574,1,Apple,5.308267697401205,5.54907608489522,Phone_x_Apple
5.0,1,93.5,True,Phone,0.0,1,Samsung,1.3862943611198906,4.174387269895637,Phone_x_Samsung
4.4,13,190.0,False,Phone,0.0,1,Samsung,4.02535169073515,4.859812404361672,Phone_x_Samsung
3.8,3,161.95,True,Phone,0.0,1,Samsung,3.6635616461296463,4.859812404361672,Phone_x_Samsung
4.4,1,1049.0,True,Phone,0.04549590536851683,1,Apple,5.14166355650266,6.240275845170769,Phone_x_Apple
4.2,6,215.99,True,Phone,0.03694136941369421,1,Xiaomi,5.929589143389895,5.54907608489522,Phone_x_Xiaomi
4.4,7,109.47,False,Phone,0.03571683691692264,1,Motorola,6.035481432524756,5.54907608489522,Phone_x_Motorola
4.0,2,74.89,True,Phone,0.0,1,Motorola,4.90527477843843,4.859812404361672,Phone_x_Motorola
4.7,3,260.0,True,Phone,0.1592920353982301,1,Motorola,1.6094379124341003,6.240275845170769,Phone_x_Motorola
4.4,8,115.0,False,Phone,0.0,1,Samsung,5.802118375377063,4.859812404361672,Phone_x_Samsung
4.3,12,459.99,False,Phone,0.06194899817850636,1,Samsung,6.0867747269123065,5.54907608489522,Phone_x_Samsung
4.3,7,219.0,False,Phone,0.08330786966304622,1,Samsung,6.848005274576363,4.859812404361672,Phone_x_Samsung
4.3,4,108.0,True,Phone,0.0,1,OPPO,3.58351893845611,4.859812404361672,Phone_x_OPPO
4.4,4,72.99,True,Phone,0.0436241610738255,0,Samsung,7.384610383176974,0.0,Phone_x_Samsung
4.3,1,117.0,True,Phone,0.07874015748031496,1,Xiaomi,6.630683385642372,4.859812404361672,Phone_x_Xiaomi
4.4,18,130.0,False,Phone,0.028037383177570093,1,Samsung,8.36264243156764,4.859812404361672,Phone_x_Samsung
4.2,1,799.0,True,Phone,0.0,1,Samsung,2.4849066497880004,4.859812404361672,Phone_x_Samsung
4.6,17,379.25,False,Phone,0.42380422691879865,1,Samsung,5.908082938168931,4.859812404361672,Phone_x_Samsung
4.4,16,765.0,True,Phone,0.4748898678414097,1,Samsung,6.0112671744041615,6.240275845170769,Phone_x_Samsung
4.4,8,189.99,True,Phone,0.0,1,Samsung,4.997212273764115,4.859812404361672,Phone_x_Samsung
4.4,1,109.99,False,Phone,0.0,1,Motorola,3.713572066704308,4.859812404361672,Phone_x_Motorola
4.2,1,228.0,False,Phone,0.10236220472440945,1,Samsung,5.081404364984463,4.859812404361672,Phone_x_Samsung
4.3,6,59.99,False,Phone,0.0,1,Samsung,7.208600337960199,4.174387269895637,Phone_x_Samsung
4.1,11,363.57,False,Phone,0.38571979599708567,1,HONOR,5.10594547390058,2.1972245773362196,Phone_x_HONOR
4.4,13,190.0,True,Phone,0.0,1,Samsung,4.2626798770413155,4.859812404361672,Phone_x_Samsung
4.4,2,48.74,True,Phone,0.0,1,Motorola,6.38856140554563,3.4965075614664802,Phone_x_Motorola
4.4,5,93.99,True,Phone,0.0,1,Samsung,6.910750787961936,4.174387269895637,Phone_x_Samsung
4.6,10,117.04,True,Phone,0.13994266284418966,1,Motorola,2.5649493574615367,4.859812404361672,Phone_x_Motorola
4.4,2,1295.04,True,Phone,0.035739814152966405,1,Apple,5.308267697401205,6.240275845170769,Phone_x_Apple
4.5,2,103.38,True,Phone,0.0,1,Samsung,7.333023014386481,4.174387269895637,Phone_x_Samsung
3.9,5,320.0,True,Phone,0.0,1,Motorola,4.007333185232471,5.54907608489522,Phone_x_Motorola
4.1,1,1249.0,True,Phone,0.0,1,Samsung,2.8903717578961645,5.54907608489522,Phone_x_Samsung
4.3,1,550.0,False,Phone,0.0,1,Samsung,5.472270673671475,5.54907608489522,Phone_x_Samsung
4.4,8,101.66,True,Phone,0.0,1,OPPO,3.091042453358316,4.859812404361672,Phone_x_OPPO
4.2,1,232.08,True,Phone,0.06795180722891561,1,Xiaomi,3.4339872044851463,5.54907608489522,Phone_x_Xiaomi
4.3,1,120.0,True,Phone,0.16666666666666666,1,Samsung,5.327876168789581,4.859812404361672,Phone_x_Samsung
4.2,1,279.0,True,Phone,0.0,1,Xiaomi,5.337538079701318,5.54907608489522,Phone_x_Xiaomi
4.2,14,347.99,False,Phone,0.0,1,Motorola,3.1354942159291497,6.240275845170769,Phone_x_Motorola
4.4,1,159.0,False,Phone,0.0,1,Motorola,7.480992162869525,5.54907608489522,Phone_x_Motorola
4.5,6,125.99,True,Phone,0.026979212737726712,1,Samsung,4.727387818712341,4.859812404361672,Phone_x_Samsung
4.4,9,235.0,True,Phone,0.0,1,Samsung,4.499809670330265,4.859812404361672,Phone_x_Samsung
4.5,11,650.0,False,Phone,0.07643312101910828,1,Samsung,6.371611847231857,5.54907608489522,Phone_x_Samsung
4.5,1,286.0,False,Phone,0.0,1,Samsung,5.003946305945459,5.54907608489522,Phone_x_Samsung
4.4,18,246.84,True,Phone,0.20283436669619134,0,Motorola,4.02535169073515,0.0,Phone_x_Motorola
4.5,7,99.99,False,Phone,0.0,1,Samsung,8.12058871174027,4.174387269895637,Phone_x_Samsung
4.4,6,479.99,False,Phone,0.0,1,Samsung,4.48863636973214,5.54907608489522,Phone_x_Samsung
4.2,2,188.77,True,Phone,0.0,1,Xiaomi,4.867534450455582,4.859812404361672,Phone_x_Xiaomi
4.4,2,156.4,True,Phone,0.37065637065637064,1,Samsung,6.437751649736401,4.859812404361672,Phone_x_Samsung
4.5,6,106.99,False,Phone,0.0,0,Samsung,9.049936850483158,0.0,Phone_x_Samsung
4.2,1,204.83,False,Phone,0.0,1,Xiaomi,4.969813299576001,6.240275845170769,Phone_x_Xiaomi
4.4,4,199.0,False,Phone,0.0,1,Motorola,6.126869184114185,5.54907608489522,Phone_x_Motorola
4.5,15,164.99,False,Phone,0.0,1,SAMSUNG,4.90527477843843,4.859812404361672,Phone_x_SAMSUNG
,2,564.06,False,Phone,0.0,1,Samsung,0.0,5.54907608489522,Phone_x_Samsung
4.4,11,149.99,False,Phone,0.0,1,Samsung,8.031060180240619,4.859812404361672,Phone_x_Samsung
4.1,9,142.99,False,Phone,0.0,1,Samsung,5.996452088619021,4.859812404361672,Phone_x_Samsung
3.7,10,1085.0,False,Phone,0.0,1,HONOR,2.0794415416798357,6.240275845170769,Phone_x_HONOR
4.4,5,239.99,False,Phone,0.040892193308550186,1,Samsung,3.2188758248682006,4.859812404361672,Phone_x_Samsung
4.8,1,175.0,False,Phone,0.07889888941523243,1,Samsung,2.3978952727983707,4.859812404361672,Phone_x_Samsung
4.1,8,150.0,False,Phone,0.05,1,Samsung,7.3613754289773485,4.859812404361672,Phone_x_Samsung
4.1,5,77.5,False,Phone,0.0,1,Motorola,6.054439346269371,4.174387269895637,Phone_x_Motorola
4.3,14,399.69,False,Phone,0.0,1,Samsung,4.394449154672439,4.859812404361672,Phone_x_Samsung
4.4,2,70.0,False,Phone,0.0,1,Samsung,6.410174881966167,4.859812404361672,Phone_x_Samsung
4.4,1,233.69,False,Phone,0.029929431299294346,1,Xiaomi,7.146772179452637,5.54907608489522,Phone_x_Xiaomi
4.2,2,306.24,False,Phone,0.0,1,Xiaomi,3.713572066704308,6.240275845170769,Phone_x_Xiaomi
4.6,2,968.43,False,Phone,0.0,1,Samsung,6.52649485957079,6.240275845170769,Phone_x_Samsung
4.4,4,264.34,False,Phone,0.0,1,Motorola,3.5553480614894135,5.54907608489522,Phone_x_Motorola
3.7,2,518.52,False,Phone,0.04672389127324745,1,Xiaomi,2.833213344056216,6.240275845170769,Phone_x_Xiaomi
4.4,12,546.0,False,Phone,0.05325443786982249,1,Samsung,5.916202062607435,6.240275845170769,Phone_x_Samsung
4.3,1,565.0,False,Phone,0.025845273194365435,1,Samsung,3.9889840465642745,6.240275845170769,Phone_x_Samsung
4.1,1,495.31,False,Phone,0.0,1,Xiaomi,4.48863636973214,5.54907608489522,Phone_x_Xiaomi
4.5,2,219.99,False,Phone,0.0,0,Samsung,6.249975242259483,0.0,Phone_x_Samsung
3.0,2,881.37,False,Phone,0.0,1,Samsung,1.6094379124341003,6.240275845170769,Phone_x_Samsung
4.5,1,178.88,False,Phone,0.0,1,Samsung,5.455321115357702,4.859812404361672,Phone_x_Samsung
4.4,7,119.95,False,Phone,0.08144186046511624,1,SAMSUNG,7.103322062526113,4.859812404361672,Phone_x_SAMSUNG
3.9,6,109.99,False,Phone,0.0,1,Samsung,6.343880434126331,4.859812404361672,Phone_x_Samsung
4.3,19,225.0,False,Phone,0.2569627507163324,1,Samsung,5.111987788356544,4.859812404361672,Phone_x_Samsung
4.4,6,99.99,False,Phone,0.0,1,Samsung,6.693323668269949,4.174387269895637,Phone_x_Samsung
4.5,12,599.0,False,Phone,0.0258751902587519,1,Samsung,6.09807428216624,5.54907608489522,Phone_x_Samsung
4.3,7,110.0,False,Phone,0.0,1,Samsung,5.247024072160486,4.859812404361672,Phone_x_Samsung
4.4,4,179.99,True,Phone,0.0,1,Motorola,5.814130531825066,5.54907608489522,Phone_x_Motorola
4.6,1,150.0,True,Phone,0.16201117318435754,0,Samsung,9.826984406550013,0.0,Phone_x_Samsung
4.5,10,199.99,True,Phone,0.06756756756756757,1,Samsung,6.7226297948554485,4.859812404361672,Phone_x_Samsung
4.2,14,480.0,True,Phone,0.026217228464419477,1,Samsung,3.9889840465642745,5.54907608489522,Phone_x_Samsung
4.5,8,131.99,True,Phone,0.0,0,Samsung,8.316300249036848,0.0,Phone_x_Samsung
4.5,4,45.0,False,Phone,0.0,1,SAMSUNG,8.816853240627426,3.4965075614664802,Phone_x_SAMSUNG
4.3,1,235.0,False,Phone,0.0,1,Samsung,5.82600010738045,5.54907608489522,Phone_x_Samsung
4.1,1,331.04,True,Phone,0.0,1,Xiaomi,4.574710978503383,4.859812404361672,Phone_x_Xiaomi
5.0,1,1120.0,False,Phone,0.0,1,Samsung,1.0986122886681098,6.240275845170769,Phone_x_Samsung
4.3,2,73.15,True,Phone,0.0,1,HONOR,6.396929655216146,4.859812404361672,Phone_x_HONOR
,10,1049.0,False,Phone,0.0,1,Samsung,0.0,6.240275845170769,Phone_x_Samsung
4.4,3,144.99,True,Phone,0.0,0,Samsung,7.616775808698373,0.0,Phone_x_Samsung
4.3,2,73.15,False,Phone,0.0,1,HONOR,6.396929655216146,4.859812404361672,Phone_x_HONOR
4.4,3,144.99,False,Phone,0.0,0,Samsung,7.616775808698373,0.0,Phone_x_Samsung
4.5,7,270.0,False,Phone,0.0,1,Samsung,5.8944028342648505,5.54907608489522,Phone_x_Samsung
4.4,4,199.99,False,Phone,0.0,1,OPPO,4.653960350157523,5.54907608489522,Phone_x_OPPO
4.3,5,215.0,False,Phone,0.0,1,OPPO,3.828641396489095,5.54907608489522,Phone_x_OPPO
4.5,4,94.99,False,Phone,0.0,1,Samsung,6.694562058521095,4.174387269895637,Phone_x_Samsung
3.2,15,950.0,False,Phone,0.0,1,HONOR,2.9444389791664403,6.240275845170769,Phone_x_HONOR
4.5,2,198.47,False,Phone,0.0,1,Samsung,8.184792654165078,4.859812404361672,Phone_x_Samsung
4.4,1,217.99,False,Phone,0.0,1,Motorola,5.921578419643816,5.54907608489522,Phone_x_Motorola
4.3,3,74.99,False,Phone,0.0,1,Samsung,6.095824562432225,3.4965075614664802,Phone_x_Samsung
4.2,7,80.99,False,Phone,0.0,1,Samsung,7.479299637782834,4.174387269895637,Phone_x_Samsung
4.3,9,96.99,False,Phone,0.03758266573471697,1,Samsung,6.208590026096629,4.174387269895637,Phone_x_Samsung
4.4,9,750.0,False,Phone,0.0,1,Samsung,5.645446897643238,6.240275845170769,Phone_x_Samsung
4.5,12,91.0,False,Phone,0.0,1,Samsung,6.706862336602747,4.174387269895637,Phone_x_Samsung
4.4,4,370.0,False,Phone,0.0,1,OPPO,5.68697535633982,5.54907608489522,Phone_x_OPPO
4.5,11,512.0,False,Phone,0.0,1,Samsung,4.890349128221754,5.54907608489522,Phone_x_Samsung
4.0,10,589.98,False,Phone,0.0,1,Motorola,3.258096538021482,6.240275845170769,Phone_x_Motorola
4.4,1,630.0,False,Phone,0.027777777777777776,1,Samsung,7.342131730584722,5.54907608489522,Phone_x_Samsung
4.0,2,1446.0,False,Phone,0.0,1,Samsung,3.4965075614664802,5.54907608489522,Phone_x_Samsung
4.5,1,291.0,False,Phone,0.0,1,Samsung,6.028278520230698,5.54907608489522,Phone_x_Samsung
4.0,1,1059.99,False,Phone,0.0,1,Xiaomi,3.7612001156935624,6.240275845170769,Phone_x_Xiaomi
4.2,5,99.0,False,Phone,0.0,1,Samsung,3.8918202981106265,4.859812404361672,Phone_x_Samsung
4.3,10,167.99,False,Phone,0.1059322033898305,1,Samsung,4.820281565605037,4.859812404361672,Phone_x_Samsung
4.0,13,284.57,False,Phone,0.6666740741563795,1,Motorola,2.6390573296152584,5.54907608489522,Phone_x_Motorola
4.2,5,108.89,False,Phone,0.0,1,Samsung,6.302618975744905,3.4965075614664802,Phone_x_Samsung
4.5,1,249.99,False,Phone,0.0,1,Samsung,5.662960480135946,4.859812404361672,Phone_x_Samsung
4.3,12,89.99,False,Phone,0.0,1,Samsung,6.063785208687608,4.174387269895637,Phone_x_Samsung
4.3,8,144.99,False,Phone,0.0,1,Samsung,5.976350909297934,4.859812404361672,Phone_x_Samsung
4.7,1,337.0,False,Phone,0.0,1,Samsung,3.6635616461296463,4.859812404361672,Phone_x_Samsung
4.2,4,439.99,False,Phone,0.0,1,Samsung,3.295836866004329,5.54907608489522,Phone_x_Samsung
2.5,1,859.0,False,Phone,0.0,1,Xiaomi,1.791759469228055,6.240275845170769,Phone_x_Xiaomi
4.4,7,599.99,False,Phone,0.0,1,Samsung,5.5093883366279774,5.54907608489522,Phone_x_Samsung
4.3,9,127.99,False,Phone,0.0,1,Samsung,6.745236349484363,4.859812404361672,Phone_x_Samsung
4.4,1,664.95,False,Phone,0.0,1,OPPO,5.996452088619021,5.54907608489522,Phone_x_OPPO
4.4,1,302.94,False,Phone,0.0,1,Samsung,6.8501261661455,4.859812404361672,Phone_x_Samsung
4.3,5,435.82,False,Phone,0.0,1,HONOR,4.962844630259907,6.240275845170769,Phone_x_HONOR
,1,359.0,False,Phone,0.0,1,Samsung,0.0,4.859812404361672,Phone_x_Samsung
5.0,1,1479.99,False,Phone,0.0,1,HONOR,0.6931471805599453,6.240275845170769,Phone_x_HONOR
4.7,1,135.84,False,Phone,0.02790897380850154,1,Xiaomi,9.444067716830038,4.859812404361672,Phone_x_Xiaomi
4.1,4,524.99,False,Phone,0.0,1,Samsung,5.153291594497779,5.54907608489522,Phone_x_Samsung
3.9,4,150.0,False,Phone,0.0,1,Samsung,6.129050210060545,4.859812404361672,Phone_x_Samsung
,1,940.0,False,Phone,0.0,1,Motorola,0.0,6.240275845170769,Phone_x_Motorola
4.3,7,408.0,False,Phone,0.0,1,Samsung,4.174387269895637,6.240275845170769,Phone_x_Samsung
4.3,5,534.99,False,Phone,0.0,1,Samsung,4.564348191467836,5.54907608489522,Phone_x_Samsung
4.5,3,200.0,False,Phone,0.0,1,Samsung,8.620110725422924,4.859812404361672,Phone_x_Samsung
4.4,4,134.99,False,Phone,0.0,1,Samsung,6.363028103540465,4.859812404361672,Phone_x_Samsung
2.9,1,258.7,False,Phone,0.0,1,Samsung,5.455321115357702,4.859812404361672,Phone_x_Samsung
4.4,4,534.99,False,Phone,0.0,1,Samsung,3.784189633918261,5.54907608489522,Phone_x_Samsung
4.2,6,424.0,False,Phone,0.0,1,Samsung,5.655991810819852,5.54907608489522,Phone_x_Samsung
4.3,3,179.99,False,Phone,0.08817629179331304,1,Samsung,5.111987788356544,4.859812404361672,Phone_x_Samsung
4.3,8,144.99,False,Phone,0.0,1,Samsung,5.313205979041787,4.859812404361672,Phone_x_Samsung
4.4,1,720.0,False,Phone,0.0,1,Samsung,4.90527477843843,6.240275845170769,Phone_x_Samsung
4.6,1,875.97,False,Phone,0.0,1,Samsung,3.367295829986474,5.54907608489522,Phone_x_Samsung
4.6,1,875.97,False,Phone,0.0,1,Samsung,3.367295829986474,5.54907608489522,Phone_x_Samsung
4.2,5,600.0,False,Phone,0.0,1,Samsung,4.51085950651685,6.240275845170769,Phone_x_Samsung
4.2,5,181.06,False,Phone,0.0,1,Samsung,5.1647859739235145,4.859812404361672,Phone_x_Samsung
4.0,4,106.99,False,Phone,0.0,0,Samsung,4.04305126783455,0.0,Phone_x_Samsung
4.4,3,455.0,False,Phone,0.0,1,Samsung,1.0986122886681098,4.859812404361672,Phone_x_Samsung
3.9,1,1293.66,False,Phone,0.0,1,Motorola,2.6390573296152584,5.54907608489522,Phone_x_Motorola
4.5,1,1480.0,False,Phone,0.0,1,OPPO,3.8066624897703196,5.54907608489522,Phone_x_OPPO
4.0,4,564.0,False,Phone,0.0,1,Samsung,3.2188758248682006,6.240275845170769,Phone_x_Samsung
3.8,2,334.99,False,Phone,0.0,1,Samsung,3.4657359027997265,4.859812404361672,Phone_x_Samsung
4.2,4,439.99,False,Phone,0.0,1,Samsung,3.295836866004329,5.54907608489522,Phone_x_Samsung
4.1,8,150.0,False,Phone,0.05,1,Samsung,7.3613754289773485,4.859812404361672,Phone_x_Samsung
4.5,4,143.99,False,Phone,0.0,1,Samsung,8.357024439263416,4.859812404361672,Phone_x_Samsung
4.3,4,232.0,False,Phone,0.0,1,Samsung,6.670766320845874,5.54907608489522,Phone_x_Samsung
4.4,8,199.8,False,Phone,0.0,1,Samsung,6.1224928095143865,4.859812404361672,Phone_x_Samsung
4.2,1,249.79,True,Phone,0.0,1,Xiaomi,4.709530201312334,6.240275845170769,Phone_x_Xiaomi
4.6,4,149.0,True,Phone,0.0,1,OPPO,6.1070228877422545,5.54907608489522,Phone_x_OPPO
4.4,8,119.0,True,Phone,0.15555555555555556,1,Samsung,7.587310506022615,4.174387269895637,Phone_x_Samsung
4.1,4,68.99,True,Phone,0.0666755567408988,1,Xiaomi,5.043425116919247,3.4965075614664802,Phone_x_Xiaomi
4.2,5,65.0,True,Phone,0.0,1,Samsung,7.19668657083435,3.4965075614664802,Phone_x_Samsung
4.4,2,84.99,True,Phone,0.0,1,HONOR,5.393627546352362,4.174387269895637,Phone_x_HONOR
,3,71.08,True,Phone,0.0,0,Motorola,0.0,0.0,Phone_x_Motorola
4.4,1,155.98,True,Phone,0.0,1,Motorola,4.990432586778736,5.54907608489522,Phone_x_Motorola
4.3,3,209.99,False,Phone,0.07434944237918216,1,Samsung,3.1354942159291497,5.54907608489522,Phone_x_Samsung
4.0,10,109.99,True,Phone,0.0,1,Samsung,5.638354669333745,4.859812404361672,Phone_x_Samsung
4.4,1,148.72,True,Phone,0.0,1,OPPO,4.02535169073515,5.54907608489522,Phone_x_OPPO
4.5,1,199.99,True,Phone,0.047621315300728606,1,SAMSUNG,6.559615237493242,4.859812404361672,Phone_x_SAMSUNG
3.9,4,124.99,False,Phone,0.0,1,Samsung,3.8066624897703196,4.859812404361672,Phone_x_Samsung
4.3,1,155.0,True,Phone,0.0,1,OPPO,5.883322388488279,4.859812404361672,Phone_x_OPPO
4.4,5,114.0,False,Phone,0.0,1,Samsung,4.430816798843313,4.174387269895637,Phone_x_Samsung
4.4,2,70.0,False,Phone,0.0,1,Samsung,6.410174881966167,4.859812404361672,Phone_x_Samsung
4.5,1,1480.0,False,Phone,0.0,1,OPPO,3.8066624897703196,5.54907608489522,Phone_x_OPPO
,1,940.0,False,Phone,0.0,1,Motorola,0.0,6.240275845170769,Phone_x_Motorola
4.3,8,144.99,False,Phone,0.0,1,Samsung,5.313205979041787,4.859812404361672,Phone_x_Samsung
4.2,5,99.0,False,Phone,0.0,1,Samsung,3.8918202981106265,4.859812404361672,Phone_x_Samsung
4.4,4,69.99,False,Phone,0.09091735612328394,1,Motorola,6.744059186311348,4.859812404361672,Phone_x_Motorola
4.2,4,439.99,False,Phone,0.0,1,Samsung,3.295836866004329,5.54907608489522,Phone_x_Samsung
4.1,8,150.0,False,Phone,0.05,1,Samsung,7.3613754289773485,4.859812404361672,Phone_x_Samsung
4.5,4,143.99,False,Phone,0.0,1,Samsung,8.357024439263416,4.859812404361672,Phone_x_Samsung
4.3,4,232.0,False,Phone,0.0,1,Samsung,6.670766320845874,5.54907608489522,Phone_x_Samsung
4.4,8,199.8,False,Phone,0.0,1,Samsung,6.1224928095143865,4.859812404361672,Phone_x_Samsung
4.2,1,249.79,False,Phone,0.0,1,Xiaomi,4.709530201312334,6.240275845170769,Phone_x_Xiaomi
4.6,4,149.0,False,Phone,0.0,1,OPPO,6.1070228877422545,5.54907608489522,Phone_x_OPPO
4.4,8,119.0,False,Phone,0.15555555555555556,1,Samsung,7.587310506022615,4.174387269895637,Phone_x_Samsung
4.1,4,68.99,False,Phone,0.0666755567408988,1,Xiaomi,5.043425116919247,3.4965075614664802,Phone_x_Xiaomi
,1,1269.0,False,Phone,0.0,1,Samsung,0.0,4.859812404361672,Phone_x_Samsung
4.2,5,65.0,False,Phone,0.0,1,Samsung,7.19668657083435,3.4965075614664802,Phone_x_Samsung
4.4,2,84.99,False,Phone,0.0,1,HONOR,5.393627546352362,4.174387269895637,Phone_x_HONOR
,3,71.08,False,Phone,0.0,0,Motorola,0.0,0.0,Phone_x_Motorola
4.4,1,155.98,False,Phone,0.0,1,Motorola,4.990432586778736,5.54907608489522,Phone_x_Motorola
4.3,3,209.99,False,Phone,0.07434944237918216,1,Samsung,3.1354942159291497,5.54907608489522,Phone_x_Samsung
4.3,11,499.99,False,Phone,0.0,1,Samsung,3.7376696182833684,6.240275845170769,Phone_x_Samsung
4.0,10,109.99,False,Phone,0.0,1,Samsung,5.638354669333745,4.859812404361672,Phone_x_Samsung
4.5,1,649.99,False,Phone,0.0,1,Samsung,3.6109179126442243,5.54907608489522,Phone_x_Samsung
4.4,1,148.72,False,Phone,0.0,1,OPPO,4.02535169073515,5.54907608489522,Phone_x_OPPO
4.5,1,199.99,False,Phone,0.047621315300728606,1,SAMSUNG,6.559615237493242,4.859812404361672,Phone_x_SAMSUNG
3.9,4,124.99,False,Phone,0.0,1,Samsung,3.8066624897703196,4.859812404361672,Phone_x_Samsung
4.3,1,155.0,False,Phone,0.0,1,OPPO,5.883322388488279,4.859812404361672,Phone_x_OPPO
4.4,21,126.23,False,Tablet,0.31511575578778944,1,Lenovo,7.512071245835466,4.859812404361672,Tablet_x_Lenovo
4.3,17,133.67,False,Tablet,0.0707070707070707,1,Samsung,6.238324625039508,4.174387269895637,Tablet_x_Samsung
4.4,21,171.84,False,Tablet,0.38273733577019897,1,Lenovo,6.218600119691729,4.859812404361672,Tablet_x_Lenovo
4.6,26,179.79,False,Tablet,0.21693561145388385,1,Samsung,7.02197642307216,4.859812404361672,Tablet_x_Samsung
4.5,8,117.51,False,Tablet,0.1520118343195266,1,Samsung,6.481577129276431,4.174387269895637,Tablet_x_Samsung
4.4,8,152.23,False,Tablet,0.1297071129707113,1,Samsung,6.882437470997847,4.174387269895637,Tablet_x_Samsung
4.4,2,95.43,False,Tablet,0.0,1,Lenovo,5.8998973535824915,4.174387269895637,Tablet_x_Lenovo
4.5,1,104.99,False,Tablet,0.3000200013334223,1,Amazon,7.886457270977689,3.4965075614664802,Tablet_x_Amazon
4.4,1,69.99,False,Tablet,0.3000300030003,1,Amazon,6.752270376141742,3.4965075614664802,Tablet_x_Amazon
4.5,1,179.99,False,Tablet,0.2800112004480179,1,Amazon,7.778211474512493,4.174387269895637,Tablet_x_Amazon
4.4,16,80.98,False,Tablet,0.0746934225195095,1,Samsung,6.51025834052315,4.174387269895637,Tablet_x_Samsung
4.1,10,80.99,False,Tablet,0.09944751381215469,1,Samsung,5.976350909297934,4.174387269895637,Tablet_x_Samsung
3.9,3,157.0,False,Tablet,0.0,1,SAMSUNG,4.804021044733257,4.859812404361672,Tablet_x_SAMSUNG
4.7,1,88.0,False,Tablet,0.12871287128712872,1,Samsung,4.882801922586371,4.174387269895637,Tablet_x_Samsung
4.0,10,81.48,False,Tablet,0.10869565217391304,1,Samsung,5.780743515792329,4.174387269895637,Tablet_x_Samsung
4.6,2,367.16,False,Tablet,0.0,1,Samsung,6.066108090103747,4.859812404361672,Tablet_x_Samsung
4.3,2,215.88,False,Tablet,0.27815938646215405,1,Xiaomi,3.044522437723423,5.54907608489522,Tablet_x_Xiaomi
4.6,1,52.99,False,Tablet,0.4111567951994666,1,Amazon,6.028278520230698,3.4965075614664802,Tablet_x_Amazon
4.7,1,319.99,False,Tablet,0.1374932614555256,1,Samsung,5.493061443340548,4.859812404361672,Tablet_x_Samsung
4.6,3,431.04,False,Tablet,0.06263048016701461,1,Apple,6.877296071497429,5.54907608489522,Tablet_x_Apple
4.4,17,180.0,False,Tablet,0.439488202840709,1,Samsung,4.110873864173311,4.174387269895637,Tablet_x_Samsung
4.4,40,122.82,False,Tablet,0.06043134742686318,1,Samsung,7.48324441607385,4.174387269895637,Tablet_x_Samsung
4.0,11,132.3,False,Tablet,0.032325923848257575,1,Samsung,6.499787040655854,4.174387269895637,Tablet_x_Samsung
4.6,1,199.99,False,Tablet,0.0,1,Amazon,7.063903961472068,3.4965075614664802,Tablet_x_Amazon
4.1,2,908.4,False,Tablet,0.0,1,Samsung,2.70805020110221,5.54907608489522,Tablet_x_Samsung
4.3,2,185.77,False,Tablet,0.0,1,Lenovo,6.089044875446846,4.859812404361672,Tablet_x_Lenovo
4.6,1,114.0,False,Tablet,0.0,1,Samsung,2.995732273553991,4.174387269895637,Tablet_x_Samsung
4.0,13,133.0,False,Tablet,0.0,1,Samsung,4.564348191467836,4.174387269895637,Tablet_x_Samsung
4.0,1,119.0,False,Tablet,0.2066137742516168,1,Lenovo,1.0986122886681098,4.174387269895637,Tablet_x_Lenovo
4.5,9,163.44,False,Tablet,0.0,1,Samsung,7.3727463664043285,4.859812404361672,Tablet_x_Samsung
4.1,1,72.99,False,Tablet,0.026670222696359516,1,Lenovo,5.84354441703136,2.833213344056216,Tablet_x_Lenovo
4.3,5,436.95,False,Tablet,0.0,1,Samsung,4.1588830833596715,4.859812404361672,Tablet_x_Samsung
4.3,3,79.99,False,Tablet,0.0,1,Lenovo,8.483429561263428,3.4965075614664802,Tablet_x_Lenovo
4.5,1,183.0,False,Tablet,0.085,1,Samsung,4.875197323201151,4.859812404361672,Tablet_x_Samsung
4.3,13,115.41,False,Tablet,0.3250162508125406,1,Lenovo,4.5217885770490405,4.174387269895637,Tablet_x_Lenovo
4.6,1,156.99,False,Tablet,0.30223565491799637,1,Amazon,4.330733340286331,4.174387269895637,Tablet_x_Amazon
4.2,7,86.09,False,Tablet,0.0,1,Lenovo,5.10594547390058,4.174387269895637,Tablet_x_Lenovo
4.4,2,269.99,False,Tablet,0.3000050000833347,1,Lenovo,4.941642422609304,4.859812404361672,Tablet_x_Lenovo
4.4,1,190.0,False,Tablet,0.09090909090909091,1,Samsung,4.499809670330265,4.859812404361672,Tablet_x_Samsung
4.7,3,724.97,True,Tablet,0.06136420525657068,1,Apple,6.333279628139691,4.859812404361672,Tablet_x_Apple
4.7,1,199.0,True,Tablet,0.0,1,Amazon,6.767343125265392,3.4965075614664802,Tablet_x_Amazon
4.7,4,729.99,True,Tablet,0.08469336670838543,1,Samsung,5.62040086571715,4.859812404361672,Tablet_x_Samsung
4.6,1,679.0,False,Tablet,0.02861230329041488,1,Apple,6.906754778648554,5.54907608489522,Tablet_x_Apple
4.3,4,97.99,False,Tablet,0.0,1,Samsung,5.44673737166631,3.4965075614664802,Tablet_x_Samsung
4.5,1,149.99,True,Tablet,0.0,1,Amazon,4.584967478670572,3.4965075614664802,Tablet_x_Amazon
,1,199.99,True,Tablet,0.0,1,Lenovo,0.0,5.54907608489522,Tablet_x_Lenovo
4.3,1,136.19,False,Tablet,0.050212706604365644,1,Samsung,4.532599493153256,4.859812404361672,Tablet_x_Samsung
4.6,3,1151.04,True,Tablet,0.07698229407236336,1,Apple,6.042632833682381,5.54907608489522,Tablet_x_Apple
4.4,10,82.0,True,Tablet,0.03322591399044333,1,Samsung,6.39024066706535,4.174387269895637,Tablet_x_Samsung
,1,399.0,True,Tablet,0.0,1,Lenovo,0.0,5.54907608489522,Tablet_x_Lenovo
4.4,5,101.48,False,Tablet,0.029126213592232945,1,Lenovo,5.765191102784844,4.859812404361672,Tablet_x_Lenovo
4.6,3,435.53,True,Tablet,0.10020040080160321,1,Apple,5.5134287461649825,4.859812404361672,Tablet_x_Apple
4.5,1,124.99,True,Tablet,0.0,1,Amazon,8.36985260351753,3.4965075614664802,Tablet_x_Amazon
4.3,1,93.99,True,Tablet,0.3037262019408846,1,Amazon,4.143134726391533,3.4965075614664802,Tablet_x_Amazon
4.2,5,340.0,True,Tablet,0.027855153203342618,1,Samsung,3.5263605246161616,4.859812404361672,Tablet_x_Samsung
5.0,1,511.57,True,Tablet,0.3169959946595461,0,Samsung,0.6931471805599453,0.0,Tablet_x_Samsung
4.3,1,415.96,False,Tablet,0.1827897838899804,1,Samsung,1.791759469228055,4.859812404361672,Tablet_x_Samsung
,1,379.0,True,Tablet,0.0,1,Lenovo,0.0,4.859812404361672,Tablet_x_Lenovo
,6,169.0,False,Tablet,0.24411934723642661,1,Lenovo,0.0,4.859812404361672,Tablet_x_Lenovo
5.0,1,511.57,True,Tablet,0.3169959946595461,0,Samsung,0.6931471805599453,0.0,Tablet_x_Samsung
4.5,3,74.84,True,Tablet,0.0,1,Lenovo,6.854354502255021,4.174387269895637,Tablet_x_Lenovo
4.4,3,120.0,False,Tablet,0.032467532467532464,1,SAMSUNG,2.4849066497880004,4.174387269895637,Tablet_x_SAMSUNG
4.5,1,96.5,False,Tablet,0.0703275529865125,1,Samsung,2.70805020110221,4.174387269895637,Tablet_x_Samsung
4.7,6,125.99,True,Tablet,0.15724890829694319,1,Samsung,3.295836866004329,4.859812404361672,Tablet_x_Samsung
4.4,3,109.99,False,Tablet,0.0,1,SAMSUNG,4.74493212836325,4.174387269895637,Tablet_x_SAMSUNG
4.5,1,195.0,False,Tablet,0.10171365395245997,1,Samsung,4.983606621708336,4.859812404361672,Tablet_x_Samsung
3.9,1,384.99,True,Tablet,0.0,1,Lenovo,3.58351893845611,5.54907608489522,Tablet_x_Lenovo
4.4,32,139.05,False,Tablet,0.0,1,Samsung,4.394449154672439,4.174387269895637,Tablet_x_Samsung
4.4,1,182.0,True,Tablet,0.0,1,Samsung,4.962844630259907,4.859812404361672,Tablet_x_Samsung
4.4,1,182.0,True,Tablet,0.0,1,Samsung,4.962844630259907,4.859812404361672,Tablet_x_Samsung
4.5,3,85.73,False,Tablet,0.0,1,Samsung,5.961005339623274,3.4965075614664802,Tablet_x_Samsung
4.7,2,159.99,True,Tablet,0.17490105961955837,1,Samsung,8.720460512725655,4.174387269895637,Tablet_x_Samsung
4.6,1,559.97,True,Tablet,0.06515859766277124,1,Apple,5.5134287461649825,5.54907608489522,Tablet_x_Apple
4.4,1,225.0,True,Tablet,0.0425531914893617,1,Samsung,5.402677381872279,4.859812404361672,Tablet_x_Samsung
3.0,1,914.19,True,Tablet,0.0,1,Samsung,0.6931471805599453,6.240275845170769,Tablet_x_Samsung
4.6,7,549.69,False,Tablet,0.0,1,Samsung,3.828641396489095,5.54907608489522,Tablet_x_Samsung
4.6,1,469.0,False,Tablet,0.0,1,Xiaomi,3.5263605246161616,4.859812404361672,Tablet_x_Xiaomi
4.1,1,1099.0,True,Tablet,0.0,1,Samsung,2.70805020110221,6.240275845170769,Tablet_x_Samsung
,1,1349.0,True,Tablet,0.0,1,Samsung,0.0,6.240275845170769,Tablet_x_Samsung
4.5,15,119.99,False,Tablet,0.0720102871838833,1,Xiaomi,2.5649493574615367,4.859812404361672,Tablet_x_Xiaomi
4.4,1,197.0,True,Tablet,0.4044199897209541,1,Samsung,2.995732273553991,4.859812404361672,Tablet_x_Samsung
,1,1012.45,True,Tablet,0.0,1,Samsung,0.0,6.240275845170769,Tablet_x_Samsung
4.8,10,399.99,False,Tablet,0.08533837974227268,1,Samsung,3.091042453358316,4.859812404361672,Tablet_x_Samsung
4.2,1,417.49,False,Tablet,0.0,1,Samsung,3.2188758248682006,5.54907608489522,Tablet_x_Samsung
4.5,9,129.99,False,Tablet,0.0,1,Samsung,8.82497196556714,3.4965075614664802,Tablet_x_Samsung
4.8,1,94.99,False,Tablet,0.025743589743589795,1,Samsung,1.9459101490553132,4.174387269895637,Tablet_x_Samsung
,1,1009.21,True,Tablet,0.0,1,Samsung,0.0,6.240275845170769,Tablet_x_Samsung
4.5,1,143.99,True,Tablet,0.0,1,Amazon,6.78897174299217,3.4965075614664802,Tablet_x_Amazon
4.7,1,149.0,False,Tablet,0.0,1,Xiaomi,7.060476365999801,5.54907608489522,Tablet_x_Xiaomi
,1,199.99,False,Tablet,0.0,1,Lenovo,0.0,4.859812404361672,Tablet_x_Lenovo
4.1,1,171.0,False,Tablet,0.0,1,Samsung,1.6094379124341003,4.174387269895637,Tablet_x_Samsung
4.1,1,624.4,False,Tablet,0.0,1,Samsung,4.465908118654584,5.54907608489522,Tablet_x_Samsung
,1,535.0,False,Tablet,0.0,1,Samsung,0.0,4.859812404361672,Tablet_x_Samsung
,1,1290.0,False,Tablet,0.0,1,Lenovo,0.0,5.54907608489522,Tablet_x_Lenovo
2.7,1,302.87,False,Tablet,0.0,1,Lenovo,1.0986122886681098,4.983606621708336,Tablet_x_Lenovo
4.5,2,139.99,False,Tablet,0.0,0,Samsung,2.302585092994046,0.0,Tablet_x_Samsung
4.1,3,174.49,False,Tablet,0.0,1,Samsung,4.174387269895637,4.174387269895637,Tablet_x_Samsung
4.5,1,1189.0,False,Tablet,0.0,1,Samsung,5.10594547390058,5.54907608489522,Tablet_x_Samsung
4.6,1,126.0,True,Tablet,0.0,1,Xiaomi,6.9975959829819265,4.859812404361672,Tablet_x_Xiaomi
4.6,1,1659.31,False,Tablet,0.0,1,SAMSUNG,5.062595033026967,6.240275845170769,Tablet_x_SAMSUNG
4.6,1,134.99,True,Tablet,0.0,1,Amazon,3.6109179126442243,4.174387269895637,Tablet_x_Amazon
4.7,1,383.04,True,Tablet,0.0,1,Samsung,1.6094379124341003,4.859812404361672,Tablet_x_Samsung
4.4,8,434.99,True,Tablet,0.08090073529411763,1,Samsung,3.970291913552122,4.859812404361672,Tablet_x_Samsung
4.5,1,408.0,False,Tablet,0.0,1,Samsung,5.003946305945459,5.54907608489522,Tablet_x_Samsung
4.2,13,919.99,False,Tablet,0.15331730280759978,1,Samsung,1.9459101490553132,5.54907608489522,Tablet_x_Samsung
4.8,1,143.9,False,Tablet,0.0,1,Samsung,1.6094379124341003,4.859812404361672,Tablet_x_Samsung
3.1,1,377.05,True,Tablet,0.0,1,Samsung,1.6094379124341003,4.859812404361672,Tablet_x_Samsung
4.5,10,650.0,False,Tablet,0.0,1,Samsung,5.14166355650266,5.54907608489522,Tablet_x_Samsung
5.0,1,1299.0,False,Tablet,0.0,1,Samsung,1.0986122886681098,6.240275845170769,Tablet_x_Samsung
3.8,1,182.44,False,Tablet,0.0,1,Lenovo,4.248495242049359,4.859812404361672,Tablet_x_Lenovo
,1,278.23,True,Tablet,0.0,1,Samsung,0.0,4.174387269895637,Tablet_x_Samsung
3.4,7,512.61,False,Tablet,0.0,1,Samsung,2.1972245773362196,4.859812404361672,Tablet_x_Samsung
3.5,1,924.71,True,Tablet,0.0,1,Samsung,2.302585092994046,2.1972245773362196,Tablet_x_Samsung
4.6,3,89.0,False,Tablet,0.0,1,Samsung,8.834191318202071,3.4965075614664802,Tablet_x_Samsung
4.3,22,72.02,False,Tablet,0.0,1,Samsung,5.7899601708972535,4.174387269895637,Tablet_x_Samsung
4.1,6,112.48,False,Tablet,0.027777777777777776,1,Lenovo,5.4638318050256105,4.859812404361672,Tablet_x_Lenovo
4.6,2,267.49,False,Tablet,0.0,1,Samsung,6.1779441140506,4.174387269895637,Tablet_x_Samsung
4.5,3,350.0,False,Tablet,0.0,1,Samsung,3.1780538303479458,4.859812404361672,Tablet_x_Samsung
4.1,1,145.19,False,Tablet,0.0,1,Samsung,4.454347296253507,4.859812404361672,Tablet_x_Samsung
4.2,4,94.99,False,Tablet,0.03350364963503652,1,Samsung,8.211211361793023,3.4965075614664802,Tablet_x_Samsung
4.5,4,87.99,False,Tablet,0.06286163297378392,1,Samsung,9.587200223074012,3.4965075614664802,Tablet_x_Samsung
4.5,1,1317.3,False,Tablet,0.0,1,Samsung,5.43372200355424,6.240275845170769,Tablet_x_Samsung
4.4,15,588.4,False,Tablet,0.0,1,Samsung,4.330733340286331,4.859812404361672,Tablet_x_Samsung
4.4,15,699.0,False,Tablet,0.12385321100917432,1,Samsung,3.784189633918261,5.54907608489522,Tablet_x_Samsung
4.1,10,185.0,False,Tablet,0.0,1,Samsung,4.584967478670572,4.174387269895637,Tablet_x_Samsung
5.0,3,1881.13,False,Tablet,0.0,1,Samsung,1.791759469228055,5.54907608489522,Tablet_x_Samsung
4.6,2,349.99,False,Tablet,0.0,1,Samsung,5.616771097666572,4.859812404361672,Tablet_x_Samsung
4.6,2,49.99,False,Tablet,0.0,1,Samsung,6.4692503167957724,3.4965075614664802,Tablet_x_Samsung
3.0,1,499.58,False,Tablet,0.0,1,Samsung,0.6931471805599453,4.859812404361672,Tablet_x_Samsung
4.3,1,415.09,False,Tablet,0.0,1,Samsung,3.6109179126442243,4.859812404361672,Tablet_x_Samsung
4.0,1,159.83,False,Tablet,0.0,1,Samsung,3.4657359027997265,4.859812404361672,Tablet_x_Samsung
4.7,2,346.46,False,Tablet,0.0,1,Apple,5.6131281063880705,4.174387269895637,Tablet_x_Apple
4.3,4,365.0,False,Tablet,0.13333629636214137,1,Samsung,2.302585092994046,4.859812404361672,Tablet_x_Samsung
4.7,2,119.99,False,Tablet,0.0,1,Samsung,6.773080375655535,4.174387269895637,Tablet_x_Samsung
4.2,1,1739.41,False,Tablet,0.0,1,SAMSUNG,2.3978952727983707,5.54907608489522,Tablet_x_SAMSUNG
5.0,3,1295.0,False,Tablet,0.0,1,Lenovo,1.0986122886681098,5.54907608489522,Tablet_x_Lenovo
4.0,1,969.47,False,Tablet,0.0,1,SAMSUNG,3.4965075614664802,4.859812404361672,Tablet_x_SAMSUNG
4.7,2,89.99,False,Tablet,0.0,1,Samsung,7.134890851565884,3.4965075614664802,Tablet_x_Samsung
4.4,7,435.0,False,Tablet,0.0,1,Samsung,1.9459101490553132,4.859812404361672,Tablet_x_Samsung
4.7,6,114.96,False,Tablet,0.0,1,Samsung,5.424950017481403,4.174387269895637,Tablet_x_Samsung
4.3,1,128.99,False,Tablet,0.0,1,Samsung,5.272999558563747,4.174387269895637,Tablet_x_Samsung
4.5,6,117.99,False,Tablet,0.0,1,Samsung,6.1903154058531475,3.4965075614664802,Tablet_x_Samsung
4.6,1,809.99,False,Tablet,0.0,1,Samsung,4.110873864173311,5.54907608489522,Tablet_x_Samsung
3.9,2,410.49,False,Tablet,0.0,1,Lenovo,3.6888794541139363,5.54907608489522,Tablet_x_Lenovo
4.3,5,209.99,False,Tablet,0.0,1,Samsung,2.8903717578961645,4.174387269895637,Tablet_x_Samsung
4.7,1,693.99,False,Tablet,0.0,1,Samsung,1.9459101490553132,5.54907608489522,Tablet_x_Samsung
4.3,1,1850.71,False,Tablet,0.0,1,SAMSUNG,3.7376696182833684,5.54907608489522,Tablet_x_SAMSUNG
4.3,7,788.99,False,Tablet,0.0,1,Samsung,3.58351893845611,6.240275845170769,Tablet_x_Samsung
4.6,1,526.18,False,Tablet,0.0,1,Samsung,4.859812404361672,4.859812404361672,Tablet_x_Samsung
4.1,1,1028.3,False,Tablet,0.0,1,SAMSUNG,3.258096538021482,4.174387269895637,Tablet_x_SAMSUNG
,1,539.99,False,Tablet,0.0,1,Lenovo,0.0,5.54907608489522,Tablet_x_Lenovo
4.4,6,649.99,False,Tablet,0.0,1,Samsung,3.4965075614664802,5.54907608489522,Tablet_x_Samsung
4.3,6,634.99,False,Tablet,0.0,1,Samsung,2.1972245773362196,4.859812404361672,Tablet_x_Samsung
2.7,1,989.67,False,Tablet,0.0,1,Samsung,1.3862943611198906,5.54907608489522,Tablet_x_Samsung
4.4,5,344.0,False,Tablet,0.04136226311452898,1,Samsung,3.091042453358316,4.859812404361672,Tablet_x_Samsung
,1,1808.35,False,Tablet,0.0,1,Lenovo,0.0,5.54907608489522,Tablet_x_Lenovo
4.4,1,869.4,False,Tablet,0.0,1,SAMSUNG,2.70805020110221,4.859812404361672,Tablet_x_SAMSUNG
4.6,2,259.99,False,Tablet,0.0,1,Samsung,5.0106352940962555,4.174387269895637,Tablet_x_Samsung
4.7,1,608.8,True,Tablet,0.0,1,Samsung,4.605170185988092,4.174387269895637,Tablet_x_Samsung
3.9,1,571.68,True,Tablet,0.03280491312365726,1,Samsung,2.3978952727983707,4.859812404361672,Tablet_x_Samsung
5.0,1,1830.95,False,Tablet,0.0,0,Lenovo,1.0986122886681098,0.0,Tablet_x_Lenovo
,1,488.0,False,Tablet,0.0,1,Samsung,0.0,5.54907608489522,Tablet_x_Samsung
4.8,2,399.99,False,Tablet,0.0,1,Samsung,7.121252453244542,5.54907608489522,Tablet_x_Samsung
5.0,1,1027.71,True,Tablet,0.0,1,Samsung,1.3862943611198906,6.240275845170769,Tablet_x_Samsung
4.7,1,382.97,True,Tablet,0.0,1,Samsung,3.091042453358316,4.859812404361672,Tablet_x_Samsung
4.6,1,736.32,False,Tablet,0.0,1,Samsung,6.028278520230698,4.859812404361672,Tablet_x_Samsung
4.6,3,1295.0,False,Tablet,0.0,1,Lenovo,2.4849066497880004,5.54907608489522,Tablet_x_Lenovo
4.4,1,683.23,False,Tablet,0.0,1,Samsung,1.9459101490553132,4.859812404361672,Tablet_x_Samsung
,1,851.16,False,Tablet,0.0,1,Samsung,0.0,5.54907608489522,Tablet_x_Samsung
,1,851.15,False,Tablet,0.0,1,Samsung,0.0,5.54907608489522,Tablet_x_Samsung
4.4,15,769.97,False,Tablet,0.0,1,Samsung,3.6888794541139363,5.54907608489522,Tablet_x_Samsung
5.0,8,829.97,False,Tablet,0.0,1,Samsung,1.6094379124341003,5.54907608489522,Tablet_x_Samsung
4.9,4,1299.99,False,Tablet,0.0,1,Samsung,2.4849066497880004,6.240275845170769,Tablet_x_Samsung
3.8,1,1050.0,False,Tablet,0.0,1,SAMSUNG,4.04305126783455,4.859812404361672,Tablet_x_SAMSUNG
,2,686.73,False,Tablet,0.0,1,Lenovo,0.0,6.175867270105761,Tablet_x_Lenovo
3.9,2,356.99,False,Tablet,0.0,1,Samsung,1.3862943611198906,4.859812404361672,Tablet_x_Samsung
2.0,1,1445.98,False,Tablet,0.0,0,Lenovo,0.6931471805599453,0.0,Tablet_x_Lenovo
,1,539.99,False,Tablet,0.0,1,Lenovo,0.0,5.54907608489522,Tablet_x_Lenovo
4.5,3,114.99,False,Tablet,0.0,1,Lenovo,6.47543271670409,4.174387269895637,Tablet_x_Lenovo
4.1,8,358.89,False,Tablet,0.0,1,Samsung,2.772588722239781,4.859812404361672,Tablet_x_Samsung
4.5,1,219.99,True,Tablet,0.055796386110991886,1,Samsung,3.044522437723423,4.174387269895637,Tablet_x_Samsung
4.5,1,889.98,False,Tablet,0.0,1,Lenovo,1.3862943611198906,4.174387269895637,Tablet_x_Lenovo
4.6,2,317.0,True,Tablet,0.0,1,Samsung,3.367295829986474,4.859812404361672,Tablet_x_Samsung
3.3,1,749.99,False,Tablet,0.0,1,Lenovo,2.0794415416798357,5.54907608489522,Tablet_x_Lenovo
4.6,1,154.99,False,Tablet,0.0,1,Xiaomi,5.883322388488279,5.54907608489522,Tablet_x_Xiaomi
4.7,1,299.0,False,Tablet,0.0,1,Samsung,7.493317248862145,4.174387269895637,Tablet_x_Samsung
4.6,2,114.99,False,Tablet,0.0,0,Samsung,5.351858133476067,0.0,Tablet_x_Samsung
4.7,5,99.99,False,Tablet,0.0,1,Samsung,8.789964651132264,3.4965075614664802,Tablet_x_Samsung
,3,645.0,False,Tablet,0.0,1,Samsung,0.0,4.859812404361672,Tablet_x_Samsung
4.7,1,299.0,False,Tablet,0.0,1,Samsung,7.493317248862145,4.174387269895637,Tablet_x_Samsung
4.6,2,114.99,False,Tablet,0.0,0,Samsung,5.351858133476067,0.0,Tablet_x_Samsung
4.7,5,99.99,False,Tablet,0.0,1,Samsung,8.789964651132264,3.4965075614664802,Tablet_x_Samsung
,3,645.0,False,Tablet,0.0,1,Samsung,0.0,4.859812404361672,Tablet_x_Samsung
4.3,2,139.0,False,Tablet,0.0,1,Lenovo,6.5722825426940075,1.6094379124341003,Tablet_x_Lenovo
,1,911.5,False,Tablet,0.0,1,Samsung,0.0,5.54907608489522,Tablet_x_Samsung
4.6,2,428.49,False,Tablet,0.0,1,Xiaomi,5.521460917862246,4.859812404361672,Tablet_x_Xiaomi
4.1,4,329.0,False,Tablet,0.0,1,Lenovo,2.3978952727983707,5.54907608489522,Tablet_x_Lenovo
4.2,1,142.4,False,Tablet,0.06561679790026247,1,Samsung,3.044522437723423,4.859812404361672,Tablet_x_Samsung
4.5,1,469.0,False,Tablet,0.0,1,Xiaomi,4.852030263919617,4.859812404361672,Tablet_x_Xiaomi
4.0,1,832.45,False,Tablet,0.0,1,Samsung,2.772588722239781,5.54907608489522,Tablet_x_Samsung
4.7,2,449.01,False,Tablet,0.0,1,SAMSUNG,8.098642843759418,4.859812404361672,Tablet_x_SAMSUNG
,1,395.0,False,Tablet,0.0,1,SAMSUNG,0.0,4.859812404361672,Tablet_x_SAMSUNG
4.0,4,694.92,False,Tablet,0.0,1,Lenovo,5.420534999272286,4.174387269895637,Tablet_x_Lenovo
4.6,2,649.12,False,Tablet,0.0,1,Lenovo,6.07073772800249,4.859812404361672,Tablet_x_Lenovo
3.6,23,109.99,True,Tablet,0.0,1,Samsung,3.6375861597263857,4.174387269895637,Tablet_x_Samsung
3.9,1,479.98,True,Tablet,0.0,1,Samsung,1.6094379124341003,4.859812404361672,Tablet_x_Samsung
4.6,3,339.99,False,Tablet,0.0,1,SAMSUNG,6.580639137284949,4.174387269895637,Tablet_x_SAMSUNG
4.7,1,529.0,False,Tablet,0.0,1,Xiaomi,7.462789157412448,5.54907608489522,Tablet_x_Xiaomi
4.4,1,551.55,False,Tablet,0.0,1,Lenovo,5.834810737062605,4.859812404361672,Tablet_x_Lenovo
4.6,1,325.0,False,Tablet,0.0,1,Samsung,6.2166061010848646,4.174387269895637,Tablet_x_Samsung
4.2,6,375.39,False,Tablet,0.0,1,Lenovo,3.4657359027997265,4.859812404361672,Tablet_x_Lenovo
1.0,1,204.9,True,Tablet,0.14267782426778242,1,Samsung,0.6931471805599453,4.174387269895637,Tablet_x_Samsung
4.8,9,449.99,False,Tablet,0.0,1,Samsung,3.1780538303479458,4.859812404361672,Tablet_x_Samsung
4.6,1,547.01,False,Tablet,0.0,1,Samsung,6.447305862541213,4.174387269895637,Tablet_x_Samsung
4.5,5,169.99,False,Tablet,0.12962962962962962,1,Samsung,6.532334292222349,1.6094379124341003,Tablet_x_Samsung
4.6,1,49.99,True,Headphones & Earphones,0.0,0,soundcore,10.095511884791469,0.0,Headphones & Earphones_x_soundcore
4.6,8,26.05,True,Headphones & Earphones,0.2066666666666666,0,Sony,10.184296056044737,0.0,Headphones & Earphones_x_Sony
4.4,2,19.3,False,Headphones & Earphones,0.16672224074691563,0,soundcore,10.824168632711576,0.0,Headphones & Earphones_x_soundcore
4.5,1,19.99,False,Headphones & Earphones,0.5001250312578145,0,soundcore,8.541690663016626,0.0,Headphones & Earphones_x_soundcore
4.1,10,34.4,True,Headphones & Earphones,0.25641025641025644,0,Sony,9.608915129379593,0.0,Headphones & Earphones_x_Sony
4.4,1,59.99,True,Headphones & Earphones,0.0,0,soundcore,8.749890955535259,0.0,Headphones & Earphones_x_soundcore
3.9,11,4.39,False,Headphones & Earphones,0.07368421052631571,0,Samsung,9.798571382586568,0.0,Headphones & Earphones_x_Samsung
4.4,1,42.91,True,Headphones & Earphones,0.14162832566513314,0,soundcore,7.583247524303362,0.0,Headphones & Earphones_x_soundcore
4.4,17,12.19,False,Headphones & Earphones,0.0,0,Sony,9.24936875894366,0.0,Headphones & Earphones_x_Sony
4.3,5,33.02,True,Headphones & Earphones,0.33349999999999996,0,Sony,7.9868449011613825,0.0,Headphones & Earphones_x_Sony
4.1,5,7.99,False,Headphones & Earphones,0.0,0,Samsung,9.158415299111264,0.0,Headphones & Earphones_x_Samsung
3.7,3,38.36,False,Headphones & Earphones,0.0,0,JBL,5.099866427824199,0.0,Headphones & Earphones_x_JBL
4.4,27,12.21,False,Headphones & Earphones,0.3505,0,Sony,9.57352408782774,0.0,Headphones & Earphones_x_Sony
4.3,5,30.99,False,Headphones & Earphones,0.0,0,JBL,7.796469243086058,0.0,Headphones & Earphones_x_JBL
4.1,20,24.92,True,Headphones & Earphones,0.4863551935990855,1,JBL,8.321421586897879,3.4965075614664802,Headphones & Earphones_x_JBL
4.5,1,64.81,True,Headphones & Earphones,0.1897737217152143,0,soundcore,11.288618737428767,0.0,Headphones & Earphones_x_soundcore
4.4,4,59.13,False,Headphones & Earphones,0.23240310077519383,0,JBL,6.919683849847411,0.0,Headphones & Earphones_x_JBL
4.2,20,6.39,False,Headphones & Earphones,0.5006666666666667,0,Sony,9.732580600557428,0.0,Headphones & Earphones_x_Sony
3.9,1,119.99,False,Headphones & Earphones,0.0,0,soundcore,7.877017895622398,0.0,Headphones & Earphones_x_soundcore
4.0,2,142.29,False,Headphones & Earphones,0.0,0,Sony,8.084254106307318,0.0,Headphones & Earphones_x_Sony
4.2,29,21.36,False,Headphones & Earphones,0.20371428571428568,0,Sony,7.798933310041217,0.0,Headphones & Earphones_x_Sony
4.2,4,7.49,False,Headphones & Earphones,0.0,0,JBL,11.367194241835717,0.0,Headphones & Earphones_x_JBL
4.5,2,18.24,False,Headphones & Earphones,0.0,0,Apple,8.351610750626559,0.0,Headphones & Earphones_x_Apple
3.8,5,31.87,False,Headphones & Earphones,0.0,1,JBL,8.57772369115627,3.4965075614664802,Headphones & Earphones_x_JBL
4.5,2,158.86,False,Headphones & Earphones,0.055865921787709494,0,Apple,7.708859601047175,0.0,Headphones & Earphones_x_Apple
4.5,14,10.45,False,Headphones & Earphones,0.13399999999999998,0,Sony,10.6659508856554,0.0,Headphones & Earphones_x_Sony
4.1,3,102.66,False,Headphones & Earphones,0.11539349180706218,0,JBL,6.645090969505644,0.0,Headphones & Earphones_x_JBL
3.9,2,20.56,False,Headphones & Earphones,0.0,1,JBL,10.3674731094563,2.833213344056216,Headphones & Earphones_x_JBL
3.9,6,34.6,False,Headphones & Earphones,0.0,0,JBL,7.552237287560802,0.0,Headphones & Earphones_x_JBL
4.0,3,38.39,False,Headphones & Earphones,0.3333888981496916,0,soundcore,7.3987862754199485,0.0,Headphones & Earphones_x_soundcore
4.4,1,129.0,False,Headphones & Earphones,0.0,0,Apple,7.432483807917119,0.0,Headphones & Earphones_x_Apple
4.0,17,27.8,False,Headphones & Earphones,0.0,0,JBL,9.792220740107542,0.0,Headphones & Earphones_x_JBL
4.4,1,129.0,True,Headphones & Earphones,0.0,0,Apple,7.432483807917119,0.0,Headphones & Earphones_x_Apple
4.3,17,8.46,False,Headphones & Earphones,0.0,0,Sony,9.465989834846651,0.0,Headphones & Earphones_x_Sony
4.3,7,14.01,False,Headphones & Earphones,0.0,0,Samsung,8.274611946209552,0.0,Headphones & Earphones_x_Samsung
4.1,10,33.76,True,Headphones & Earphones,0.0,1,JBL,9.175541866433488,3.4965075614664802,Headphones & Earphones_x_JBL
4.0,2,40.25,True,Headphones & Earphones,0.0,0,JBL,9.401208634738603,0.0,Headphones & Earphones_x_JBL
4.6,2,215.26,True,Headphones & Earphones,0.0,0,Apple,9.503681402279643,0.0,Headphones & Earphones_x_Apple
4.5,13,60.08,True,Headphones & Earphones,0.2727272727272727,0,Sony,9.135077887475635,0.0,Headphones & Earphones_x_Sony
4.4,1,94.0,True,Headphones & Earphones,0.27686745134241103,0,Samsung,7.534228326274089,0.0,Headphones & Earphones_x_Samsung
4.1,4,46.6,True,Headphones & Earphones,0.31313131313131315,0,Sony,8.46779284112111,0.0,Headphones & Earphones_x_Sony
3.8,1,86.0,True,Headphones & Earphones,0.11331065058253424,0,Sennheiser,7.561121589530238,0.0,Headphones & Earphones_x_Sennheiser
4.1,8,3.92,False,Headphones & Earphones,0.0,0,Samsung,7.878912912297133,0.0,Headphones & Earphones_x_Samsung
4.4,3,69.0,True,Headphones & Earphones,0.0,0,Jabra,7.806696372521179,0.0,Headphones & Earphones_x_Jabra
3.7,2,12.45,False,Headphones & Earphones,0.4602440050483803,0,JBL,8.349957272040324,0.0,Headphones & Earphones_x_JBL
4.1,12,14.99,False,Headphones & Earphones,0.19636720667648502,0,Sennheiser,8.319717386850606,0.0,Headphones & Earphones_x_Sennheiser
4.3,1,15.1,False,Headphones & Earphones,0.09418116376724667,0,Sennheiser,6.663132695990803,0.0,Headphones & Earphones_x_Sennheiser
4.5,7,35.81,False,Headphones & Earphones,0.4290612944706386,0,JBL,6.651571873589727,0.0,Headphones & Earphones_x_JBL
4.0,1,14.95,False,Headphones & Earphones,0.0,0,Sony,6.456769655572163,0.0,Headphones & Earphones_x_Sony
3.9,3,28.65,False,Headphones & Earphones,0.0,0,Sony,8.567125560164447,0.0,Headphones & Earphones_x_Sony
4.1,1,25.32,False,Headphones & Earphones,0.0,0,JBL,5.537334267018537,0.0,Headphones & Earphones_x_JBL
4.0,1,38.5,True,Headphones & Earphones,0.3,0,Sony,8.370547611074752,0.0,Headphones & Earphones_x_Sony
4.1,6,8.01,False,Headphones & Earphones,0.0,0,Samsung,9.38412559774785,0.0,Headphones & Earphones_x_Samsung
4.6,8,23.78,False,Headphones & Earphones,0.4200840168033607,0,JBL,7.7266536648476425,0.0,Headphones & Earphones_x_JBL
4.3,1,5.03,False,Headphones & Earphones,0.0,0,JBL,7.765993079407675,0.0,Headphones & Earphones_x_JBL
4.1,14,15.95,False,Headphones & Earphones,0.20129870129870128,0,Samsung,9.267665438595452,0.0,Headphones & Earphones_x_Samsung
4.0,1,29.99,False,Headphones & Earphones,0.0,0,soundcore,7.284820912568604,0.0,Headphones & Earphones_x_soundcore
4.0,1,19.2,False,Headphones & Earphones,0.2066115702479339,0,Sennheiser,6.4967749901858625,0.0,Headphones & Earphones_x_Sennheiser
4.5,3,21.11,False,Headphones & Earphones,0.3760940235058765,0,JBL,10.767010218871627,0.0,Headphones & Earphones_x_JBL
3.9,4,13.99,False,Headphones & Earphones,0.051746442432082915,0,Sennheiser,4.700480365792417,0.0,Headphones & Earphones_x_Sennheiser
4.3,13,7.18,False,Headphones & Earphones,0.0,0,Sony,7.3752557780097545,0.0,Headphones & Earphones_x_Sony
4.0,5,52.66,True,Headphones & Earphones,0.1771307923102567,0,JBL,7.665284718471351,0.0,Headphones & Earphones_x_JBL
4.3,1,29.99,False,Headphones & Earphones,0.0,0,soundcore,9.18142636181154,0.0,Headphones & Earphones_x_soundcore
4.2,1,89.99,True,Headphones & Earphones,0.0,0,soundcore,8.231642179973411,0.0,Headphones & Earphones_x_soundcore
4.0,2,57.65,True,Headphones & Earphones,0.10685437341333959,0,JBL,5.8522024797744745,0.0,Headphones & Earphones_x_JBL
4.3,1,39.99,True,Headphones & Earphones,0.20004000800160032,0,soundcore,8.403800504061147,0.0,Headphones & Earphones_x_soundcore
4.3,4,4.1,False,Headphones & Earphones,0.0,0,Samsung,3.7612001156935624,0.0,Headphones & Earphones_x_Samsung
3.5,1,14.99,False,Headphones & Earphones,0.0,0,JBL,7.387090235656757,0.0,Headphones & Earphones_x_JBL
4.7,4,19.99,False,Headphones & Earphones,0.03516998827667052,0,JBL,8.811801223938751,0.0,Headphones & Earphones_x_JBL
4.0,3,64.78,True,Headphones & Earphones,0.33071774751904,0,JBL,6.618738983517219,0.0,Headphones & Earphones_x_JBL
4.2,1,11.9,False,Headphones & Earphones,0.0,0,Sony,6.668228248417403,0.0,Headphones & Earphones_x_Sony
4.6,8,131.6,True,Headphones & Earphones,0.2032314410480349,0,Sony,9.960954252184457,0.0,Headphones & Earphones_x_Sony
4.3,3,19.89,False,Headphones & Earphones,0.0,0,Sennheiser,7.359467638255621,0.0,Headphones & Earphones_x_Sennheiser
4.2,1,279.0,True,Headphones & Earphones,0.0,0,Sennheiser,7.5126175446745105,0.0,Headphones & Earphones_x_Sennheiser
4.1,6,52.91,True,Headphones & Earphones,0.0,0,Jabra,7.395721608602045,0.0,Headphones & Earphones_x_Jabra
4.3,11,24.9,False,Headphones & Earphones,0.05533333333333334,0,Sony,7.228388451573604,0.0,Headphones & Earphones_x_Sony
4.6,1,99.99,True,Headphones & Earphones,0.0,0,soundcore,6.338594078203183,0.0,Headphones & Earphones_x_soundcore
4.3,7,96.98,False,Headphones & Earphones,0.2124507781736359,0,JBL,6.135564891081739,0.0,Headphones & Earphones_x_JBL
4.2,1,34.44,False,Headphones & Earphones,0.0,0,Sennheiser,6.930494765951626,0.0,Headphones & Earphones_x_Sennheiser
3.9,1,69.99,False,Headphones & Earphones,0.0,0,Sennheiser,6.525029657843462,0.0,Headphones & Earphones_x_Sennheiser
4.0,4,19.44,False,Headphones & Earphones,0.20008003201280514,0,Sennheiser,8.456593569287309,0.0,Headphones & Earphones_x_Sennheiser
4.2,1,128.83,False,Headphones & Earphones,0.24213189011118297,0,Sennheiser,6.9440872082295275,0.0,Headphones & Earphones_x_Sennheiser
4.1,1,3.59,False,Headphones & Earphones,0.0,0,Samsung,8.675392806089782,0.0,Headphones & Earphones_x_Samsung
4.1,1,109.0,False,Headphones & Earphones,0.0,0,Sennheiser,6.630683385642372,0.0,Headphones & Earphones_x_Sennheiser
4.4,2,128.57,False,Headphones & Earphones,0.20396815872634907,0,JBL,6.436150368369428,0.0,Headphones & Earphones_x_JBL
4.4,8,56.04,False,Headphones & Earphones,0.1801333333333333,0,Samsung,6.013715156042802,0.0,Headphones & Earphones_x_Samsung
4.3,3,69.93,False,Headphones & Earphones,0.06250781347668459,0,JBL,4.6913478822291435,0.0,Headphones & Earphones_x_JBL
4.5,7,14.17,False,Headphones & Earphones,0.0,0,Sony,10.472799042021169,0.0,Headphones & Earphones_x_Sony
4.5,1,29.99,False,Headphones & Earphones,0.4000800160032007,0,soundcore,11.192458458572395,0.0,Headphones & Earphones_x_soundcore
,1,544.0,False,Headphones & Earphones,0.17449430188621984,0,Sennheiser,0.0,0.0,Headphones & Earphones_x_Sennheiser
4.1,3,222.11,False,Headphones & Earphones,0.0,0,JBL,3.713572066704308,0.0,Headphones & Earphones_x_JBL
4.0,1,25.93,False,Headphones & Earphones,0.0570909090909091,0,JBL,6.206575926724928,0.0,Headphones & Earphones_x_JBL
3.4,1,122.0,True,Headphones & Earphones,0.46954215400669597,0,Sennheiser,8.66681936537205,0.0,Headphones & Earphones_x_Sennheiser
4.0,2,17.85,False,Headphones & Earphones,0.0,0,JBL,8.61431990214696,0.0,Headphones & Earphones_x_JBL
4.4,1,54.99,True,Headphones & Earphones,0.31253906738342285,0,soundcore,9.668840589963489,0.0,Headphones & Earphones_x_soundcore
4.5,2,407.56,True,Headphones & Earphones,0.0,0,Apple,9.03049574505712,0.0,Headphones & Earphones_x_Apple
3.9,2,82.4,True,Headphones & Earphones,0.0,0,Samsung,5.356586274672012,0.0,Headphones & Earphones_x_Samsung
4.4,5,182.76,True,Headphones & Earphones,0.29023746701846964,0,Sony,9.1801903950253,0.0,Headphones & Earphones_x_Sony
4.3,1,39.99,True,Headphones & Earphones,0.16670139612419255,0,soundcore,10.590239326007213,0.0,Headphones & Earphones_x_soundcore
4.1,1,11.99,False,Headphones & Earphones,0.0,0,Sony,3.258096538021482,0.0,Headphones & Earphones_x_Sony
4.4,3,167.99,False,Headphones & Earphones,0.0,0,Jabra,4.804021044733257,0.0,Headphones & Earphones_x_Jabra
4.1,1,22.99,False,Headphones & Earphones,0.0,0,Sennheiser,9.112837790614945,0.0,Headphones & Earphones_x_Sennheiser
4.2,5,97.18,True,Headphones & Earphones,0.3687150837988827,0,Sony,5.4680601411351315,0.0,Headphones & Earphones_x_Sony
4.1,1,19.99,False,Headphones & Earphones,0.0,0,Sennheiser,7.817222785508166,0.0,Headphones & Earphones_x_Sennheiser
4.3,1,159.99,True,Headphones & Earphones,0.0,0,Sennheiser,5.3612921657094255,0.0,Headphones & Earphones_x_Sennheiser
4.3,1,77.11,True,Headphones & Earphones,0.0,0,JBL,8.754002933494261,0.0,Headphones & Earphones_x_JBL
4.5,1,149.0,True,Headphones & Earphones,0.0,0,Sennheiser,9.035629778183564,0.0,Headphones & Earphones_x_Sennheiser
5.0,1,141.79,False,Headphones & Earphones,0.24168360252433416,0,Sennheiser,1.6094379124341003,0.0,Headphones & Earphones_x_Sennheiser
4.3,5,133.69,True,Headphones & Earphones,0.0,0,JBL,6.504288173536645,0.0,Headphones & Earphones_x_JBL
4.5,5,110.13,True,Headphones & Earphones,0.3352513966480447,0,Sony,7.183111701743281,0.0,Headphones & Earphones_x_Sony
4.3,2,78.05,True,Headphones & Earphones,0.0,0,Samsung,6.60934924316738,0.0,Headphones & Earphones_x_Samsung
4.3,2,83.16,True,Headphones & Earphones,0.2143010215015359,0,soundcore,9.277905558138606,0.0,Headphones & Earphones_x_soundcore
4.2,1,11.9,False,Headphones & Earphones,0.0,0,Sony,9.37092743662413,0.0,Headphones & Earphones_x_Sony
4.4,1,82.82,True,Headphones & Earphones,0.07967551950216693,0,soundcore,8.913550280493675,0.0,Headphones & Earphones_x_soundcore
4.1,2,172.79,True,Headphones & Earphones,0.0,0,Jabra,5.834810737062605,0.0,Headphones & Earphones_x_Jabra
4.3,4,41.31,True,Headphones & Earphones,0.0,0,Sony,7.945555428253489,0.0,Headphones & Earphones_x_Sony
4.7,4,73.67,True,Headphones & Earphones,0.04511627906976739,0,Sony,10.14839259563185,0.0,Headphones & Earphones_x_Sony
4.2,3,118.99,False,Headphones & Earphones,0.0,0,Sennheiser,6.60934924316738,0.0,Headphones & Earphones_x_Sennheiser
3.7,6,261.82,False,Headphones & Earphones,0.0,0,Jabra,2.1972245773362196,0.0,Headphones & Earphones_x_Jabra
4.3,4,59.71,True,Headphones & Earphones,0.1563218390804597,0,Sennheiser,8.123261319121745,0.0,Headphones & Earphones_x_Sennheiser
4.5,5,7.38,False,Headphones & Earphones,0.0,0,JBL,7.483806687665835,0.0,Headphones & Earphones_x_JBL
4.1,1,3.94,False,Headphones & Earphones,0.0,0,Samsung,4.624972813284271,0.0,Headphones & Earphones_x_Samsung
4.0,21,67.14,False,Headphones & Earphones,0.056074766355140186,0,Sony,8.51197962436335,0.0,Headphones & Earphones_x_Sony
4.2,12,23.07,False,Headphones & Earphones,0.0,0,JBL,9.153346650456063,0.0,Headphones & Earphones_x_JBL
4.4,4,52.3,False,Headphones & Earphones,0.0,0,JBL,8.206037762778815,0.0,Headphones & Earphones_x_JBL
4.3,3,15.35,False,Headphones & Earphones,0.15620052770448545,0,JBL,10.18716160359037,0.0,Headphones & Earphones_x_JBL
4.3,2,176.64,False,Headphones & Earphones,0.0,0,Samsung,5.3612921657094255,0.0,Headphones & Earphones_x_Samsung
4.4,1,49.99,False,Headphones & Earphones,0.28575510787255315,0,soundcore,9.6634521335517,0.0,Headphones & Earphones_x_soundcore
4.3,3,12.49,False,Headphones & Earphones,0.06688963210702341,0,JBL,7.8328075165248645,0.0,Headphones & Earphones_x_JBL
4.2,4,100.0,False,Headphones & Earphones,0.256203512719545,0,Sennheiser,6.368187186350492,0.0,Headphones & Earphones_x_Sennheiser
4.2,2,10.02,False,Headphones & Earphones,0.0,0,JBL,8.743372131273969,0.0,Headphones & Earphones_x_JBL
4.1,6,199.0,False,Headphones & Earphones,0.0,0,Sennheiser,7.044905117129371,0.0,Headphones & Earphones_x_Sennheiser
3.6,1,99.0,False,Headphones & Earphones,0.0,1,JBL,6.551080335043404,2.1972245773362196,Headphones & Earphones_x_JBL
4.3,1,129.99,False,Headphones & Earphones,0.0,0,soundcore,6.674561391814426,0.0,Headphones & Earphones_x_soundcore
4.0,1,39.99,False,Headphones & Earphones,0.11113580795732385,0,soundcore,6.981934677156389,0.0,Headphones & Earphones_x_soundcore
4.1,24,41.1,False,Headphones & Earphones,0.0,0,Jabra,8.751632702472298,0.0,Headphones & Earphones_x_Jabra
4.4,1,35.99,False,Headphones & Earphones,0.0,0,soundcore,10.871212568858269,0.0,Headphones & Earphones_x_soundcore
4.1,1,149.99,False,Headphones & Earphones,0.0,0,soundcore,6.60934924316738,0.0,Headphones & Earphones_x_soundcore
4.0,1,4.95,False,Headphones & Earphones,0.0,0,Samsung,7.45876269238096,0.0,Headphones & Earphones_x_Samsung
,1,142.19,False,Headphones & Earphones,0.4468606550999767,1,Sennheiser,0.0,4.859812404361672,Headphones & Earphones_x_Sennheiser
4.1,7,27.16,False,Headphones & Earphones,0.17083416683336666,1,JBL,9.843684468165375,3.4965075614664802,Headphones & Earphones_x_JBL
4.3,3,11.05,False,Headphones & Earphones,0.0,0,JBL,9.29532469588118,0.0,Headphones & Earphones_x_JBL
4.3,8,49.72,False,Headphones & Earphones,0.36688134483135026,0,Samsung,5.814130531825066,0.0,Headphones & Earphones_x_Samsung
3.9,1,53.99,False,Headphones & Earphones,0.4000444493832648,1,JBL,4.189654742026425,3.4965075614664802,Headphones & Earphones_x_JBL
4.4,1,9.97,False,Headphones & Earphones,0.33488992661774514,0,SAMSUNG,7.327123292259293,0.0,Headphones & Earphones_x_SAMSUNG
4.4,1,109.99,False,Headphones & Earphones,0.15385798907608286,0,Sennheiser,7.823645930834952,0.0,Headphones & Earphones_x_Sennheiser
4.1,1,79.99,False,Headphones & Earphones,0.0,0,Sennheiser,8.659733878198347,0.0,Headphones & Earphones_x_Sennheiser
4.2,1,116.5,False,Headphones & Earphones,0.0,0,SAMSUNG,3.367295829986474,0.0,Headphones & Earphones_x_SAMSUNG
4.0,2,83.99,False,Headphones & Earphones,0.284773731144262,0,Sennheiser,8.131530710604252,0.0,Headphones & Earphones_x_Sennheiser
4.3,3,13.5,False,Headphones & Earphones,0.0,0,Sony,7.7488913372555315,0.0,Headphones & Earphones_x_Sony
4.2,8,22.99,False,Headphones & Earphones,0.0,0,Sennheiser,8.685246776412487,0.0,Headphones & Earphones_x_Sennheiser
4.1,3,145.0,False,Headphones & Earphones,0.0,0,Sennheiser,6.787844982309579,0.0,Headphones & Earphones_x_Sennheiser
4.2,1,38.5,False,Headphones & Earphones,0.03725931482870722,0,Sony,10.140099989797301,0.0,Headphones & Earphones_x_Sony
4.1,1,225.99,False,Headphones & Earphones,0.0,0,Sennheiser,6.142037405587356,0.0,Headphones & Earphones_x_Sennheiser
4.1,1,35.99,False,Headphones & Earphones,0.052645433008686494,0,JBL,9.900683625203394,0.0,Headphones & Earphones_x_JBL
3.9,4,125.18,False,Headphones & Earphones,0.24113183128419322,0,Sennheiser,4.584967478670572,0.0,Headphones & Earphones_x_Sennheiser
4.2,5,50.0,False,Headphones & Earphones,0.0,0,Samsung,6.161207321695077,0.0,Headphones & Earphones_x_Samsung
4.2,1,15.95,False,Headphones & Earphones,0.0,0,Sony,5.883322388488279,0.0,Headphones & Earphones_x_Sony
4.5,5,74.99,False,Headphones & Earphones,0.0,0,JBL,6.7912214627261855,0.0,Headphones & Earphones_x_JBL
3.6,1,3.99,False,Headphones & Earphones,0.06117647058823524,0,Samsung,7.200424892944957,0.0,Headphones & Earphones_x_Samsung
4.3,12,94.0,False,Headphones & Earphones,0.30054709100535326,0,Jabra,8.576593534697684,0.0,Headphones & Earphones_x_Jabra
3.9,1,29.99,False,Headphones & Earphones,0.0,0,soundcore,6.061456918928017,0.0,Headphones & Earphones_x_soundcore
4.0,1,77.95,False,Headphones & Earphones,0.5414436143302547,0,Jabra,5.327876168789581,0.0,Headphones & Earphones_x_Jabra
4.4,2,54.95,False,Headphones & Earphones,0.0,0,JBL,8.3670677328386,0.0,Headphones & Earphones_x_JBL
4.5,2,119.0,False,Headphones & Earphones,0.0,0,JBL,7.21890970761906,0.0,Headphones & Earphones_x_JBL
4.2,6,79.99,False,Headphones & Earphones,0.17484790399199926,0,JBL,5.153291594497779,0.0,Headphones & Earphones_x_JBL
4.1,5,107.94,False,Headphones & Earphones,0.23909735205878518,0,Jabra,7.036148493750536,0.0,Headphones & Earphones_x_Jabra
4.1,1,29.29,False,Headphones & Earphones,0.0,0,JBL,7.2640301428995295,0.0,Headphones & Earphones_x_JBL
4.4,1,9.99,False,Headphones & Earphones,0.0,0,JBL,9.400960731584833,0.0,Headphones & Earphones_x_JBL
3.6,1,59.99,False,Headphones & Earphones,0.0,1,Sony,4.8283137373023015,2.1972245773362196,Headphones & Earphones_x_Sony
3.9,2,45.62,False,Headphones & Earphones,0.11766436240623611,0,JBL,3.6635616461296463,0.0,Headphones & Earphones_x_JBL
4.0,3,6.9,False,Headphones & Earphones,0.0,0,Sony,4.709530201312334,0.0,Headphones & Earphones_x_Sony
4.1,3,26.66,False,Headphones & Earphones,0.0,0,Sennheiser,7.676473646389156,0.0,Headphones & Earphones_x_Sennheiser
4.6,1,117.0,False,Headphones & Earphones,0.0,0,Sennheiser,7.755338812846501,0.0,Headphones & Earphones_x_Sennheiser
4.4,1,114.77,False,Headphones & Earphones,0.0,0,Samsung,4.941642422609304,0.0,Headphones & Earphones_x_Samsung
3.5,11,47.37,False,Headphones & Earphones,0.0,0,Sony,7.615298339825815,0.0,Headphones & Earphones_x_Sony
4.2,9,14.99,False,Headphones & Earphones,0.0,0,Samsung,7.4133673356952405,0.0,Headphones & Earphones_x_Samsung
4.1,6,7.99,False,Headphones & Earphones,0.0,0,Sony,7.961370201719511,0.0,Headphones & Earphones_x_Sony
4.3,2,42.5,False,Headphones & Earphones,0.0,0,Sony,6.068425588244111,0.0,Headphones & Earphones_x_Sony
4.5,4,27.06,False,Headphones & Earphones,0.5874484310538817,0,JBL,8.585972706811063,0.0,Headphones & Earphones_x_JBL
4.3,6,25.9,False,Headphones & Earphones,0.047619047619047644,0,Sennheiser,9.601030194502194,0.0,Headphones & Earphones_x_Sennheiser
4.2,11,43.99,False,Headphones & Earphones,0.26654442407067847,0,Sennheiser,8.32069157104845,0.0,Headphones & Earphones_x_Sennheiser
4.1,2,69.95,False,Headphones & Earphones,0.600030001500075,0,Jabra,7.030857476116121,0.0,Headphones & Earphones_x_Jabra
4.0,1,99.99,False,Headphones & Earphones,0.0,0,soundcore,5.497168225293202,0.0,Headphones & Earphones_x_soundcore
3.6,2,33.39,False,Headphones & Earphones,0.0,0,JBL,5.056245805348308,0.0,Headphones & Earphones_x_JBL
4.0,1,158.47,False,Headphones & Earphones,0.0,0,Sony,4.553876891600541,0.0,Headphones & Earphones_x_Sony
4.3,1,13.32,False,Headphones & Earphones,0.0,0,Sony,10.096419288442098,0.0,Headphones & Earphones_x_Sony
4.3,1,34.95,False,Headphones & Earphones,0.0,0,JBL,1.9459101490553132,0.0,Headphones & Earphones_x_JBL
4.2,2,17.66,False,Headphones & Earphones,0.0,0,Sony,7.573017256052546,0.0,Headphones & Earphones_x_Sony
4.4,2,169.99,False,Headphones & Earphones,0.0,0,Samsung,7.740229524763182,0.0,Headphones & Earphones_x_Samsung
4.2,2,34.21,False,Headphones & Earphones,0.45566666666666666,0,Sony,7.10085190894405,0.0,Headphones & Earphones_x_Sony
4.5,2,73.56,False,Headphones & Earphones,0.0,0,JBL,5.356586274672012,0.0,Headphones & Earphones_x_JBL
4.0,3,22.98,False,Headphones & Earphones,0.0,0,Sony,9.328301169609748,0.0,Headphones & Earphones_x_Sony
4.1,1,59.48,False,Headphones & Earphones,0.0,0,JBL,8.13505390861157,0.0,Headphones & Earphones_x_JBL
,1,123.61,False,Headphones & Earphones,0.29361677810160586,0,Sony,0.0,0.0,Headphones & Earphones_x_Sony
4.0,1,99.95,False,Headphones & Earphones,0.0,0,Samsung,2.772588722239781,0.0,Headphones & Earphones_x_Samsung
4.4,3,29.77,False,Headphones & Earphones,0.0,0,JBL,2.833213344056216,0.0,Headphones & Earphones_x_JBL
4.2,1,32.47,False,Headphones & Earphones,0.0,0,JBL,6.263398262591624,0.0,Headphones & Earphones_x_JBL
4.2,3,122.16,False,Headphones & Earphones,0.09852325325104702,0,Sennheiser,7.65728279297819,0.0,Headphones & Earphones_x_Sennheiser
4.1,1,15.83,False,Headphones & Earphones,0.0,0,Samsung,8.08271113423758,0.0,Headphones & Earphones_x_Samsung
4.4,1,176.87,False,Headphones & Earphones,0.0,0,Samsung,8.15162164696975,0.0,Headphones & Earphones_x_Samsung
4.0,4,4.99,False,Headphones & Earphones,0.04351610095735422,0,JBL,8.23827262463303,0.0,Headphones & Earphones_x_JBL
,1,75.99,False,Headphones & Earphones,0.05000625078134767,0,soundcore,0.0,0.0,Headphones & Earphones_x_soundcore
4.0,1,143.0,False,Headphones & Earphones,0.2011173184357542,0,Sony,5.2574953720277815,0.0,Headphones & Earphones_x_Sony
5.0,2,67.95,False,Headphones & Earphones,0.02886126589512782,0,JBL,1.0986122886681098,0.0,Headphones & Earphones_x_JBL
4.3,2,99.99,False,Headphones & Earphones,0.0,0,Sony,8.745921121024347,0.0,Headphones & Earphones_x_Sony
4.3,3,31.45,False,Headphones & Earphones,0.0,1,JBL,6.964135612418245,3.4965075614664802,Headphones & Earphones_x_JBL
3.4,1,89.99,False,Headphones & Earphones,0.0,0,Sony,4.430816798843313,0.0,Headphones & Earphones_x_Sony
4.1,3,110.9,False,Headphones & Earphones,0.0,0,Sennheiser,7.564757012905729,0.0,Headphones & Earphones_x_Sennheiser
4.4,2,83.99,False,Headphones & Earphones,0.0,0,Sennheiser,7.6324011266014535,0.0,Headphones & Earphones_x_Sennheiser
3.5,1,23.95,False,Headphones & Earphones,0.0,0,JBL,9.092232283495854,0.0,Headphones & Earphones_x_JBL
3.0,1,113.99,False,Headphones & Earphones,0.0,1,JBL,2.995732273553991,2.1972245773362196,Headphones & Earphones_x_JBL
4.1,8,8.09,False,Headphones & Earphones,0.0,0,Sony,8.750683034784592,0.0,Headphones & Earphones_x_Sony
4.5,2,12.99,False,Headphones & Earphones,0.0,0,JBL,7.358193752733032,0.0,Headphones & Earphones_x_JBL
4.1,1,29.55,False,Headphones & Earphones,0.0,0,JBL,4.31748811353631,0.0,Headphones & Earphones_x_JBL
4.3,1,85.99,False,Headphones & Earphones,0.0,1,soundcore,8.559677803022392,3.4965075614664802,Headphones & Earphones_x_soundcore
4.3,3,11.39,False,Headphones & Earphones,0.0,0,JBL,5.659482215759621,0.0,Headphones & Earphones_x_JBL
3.9,1,127.99,True,Headphones & Earphones,0.0,0,Sony,4.6913478822291435,0.0,Headphones & Earphones_x_Sony
4.1,1,13.99,False,Headphones & Earphones,0.0,0,JBL,7.414572881350589,0.0,Headphones & Earphones_x_JBL
4.0,1,19.94,False,Headphones & Earphones,0.0,0,Samsung,7.482681828154651,0.0,Headphones & Earphones_x_Samsung
4.0,1,7.9,False,Headphones & Earphones,0.47333333333333333,0,Sony,6.755768921984255,0.0,Headphones & Earphones_x_Sony
4.2,4,72.08,False,Headphones & Earphones,0.0,0,soundcore,9.262363400043334,0.0,Headphones & Earphones_x_soundcore
4.6,1,8.12,False,Headphones & Earphones,0.0,0,Sennheiser,3.258096538021482,0.0,Headphones & Earphones_x_Sennheiser
4.5,3,11.9,False,Headphones & Earphones,0.0,0,Sony,9.806260536775024,0.0,Headphones & Earphones_x_Sony
,1,18.96,False,Headphones & Earphones,0.0,0,Sony,0.0,0.0,Headphones & Earphones_x_Sony
3.9,2,11.65,False,Headphones & Earphones,0.0,0,JBL,8.4368504387337,0.0,Headphones & Earphones_x_JBL
4.5,1,19.99,False,Headphones & Earphones,0.0,0,JBL,2.1972245773362196,0.0,Headphones & Earphones_x_JBL
4.2,1,42.53,False,Headphones & Earphones,0.0,0,Sennheiser,7.643482907077201,0.0,Headphones & Earphones_x_Sennheiser
4.0,1,29.99,False,Headphones & Earphones,0.0,0,Sennheiser,5.955837369464831,0.0,Headphones & Earphones_x_Sennheiser
4.2,3,8.9,False,Headphones & Earphones,0.0,0,Sony,6.551080335043404,0.0,Headphones & Earphones_x_Sony
4.3,4,78.97,False,Headphones & Earphones,0.0,0,soundcore,7.749753406274437,0.0,Headphones & Earphones_x_soundcore
3.9,1,19.55,True,Headphones & Earphones,0.0,0,JBL,3.044522437723423,0.0,Headphones & Earphones_x_JBL
4.4,1,77.95,True,Headphones & Earphones,0.0,0,JBL,8.255568653283746,0.0,Headphones & Earphones_x_JBL
4.1,2,49.92,True,Headphones & Earphones,0.0,0,JBL,8.348301054933943,0.0,Headphones & Earphones_x_JBL
4.3,1,41.95,True,Headphones & Earphones,0.03938630638882525,0,JBL,3.6375861597263857,0.0,Headphones & Earphones_x_JBL
4.0,1,143.0,True,Headphones & Earphones,0.2011173184357542,0,Sony,5.2574953720277815,0.0,Headphones & Earphones_x_Sony
3.7,3,172.99,True,Headphones & Earphones,0.0,0,Sennheiser,4.700480365792417,0.0,Headphones & Earphones_x_Sennheiser
4.2,1,69.99,True,Headphones & Earphones,0.0,0,JBL,5.937536205082426,0.0,Headphones & Earphones_x_JBL
4.3,1,126.0,True,Headphones & Earphones,0.1,0,Sennheiser,6.159095388491933,0.0,Headphones & Earphones_x_Sennheiser
4.4,1,75.56,True,Headphones & Earphones,0.0,0,JBL,7.988542982737695,0.0,Headphones & Earphones_x_JBL
4.5,3,63.7,True,Headphones & Earphones,0.11566265060240957,0,Sennheiser,7.3632795869630385,0.0,Headphones & Earphones_x_Sennheiser
3.9,1,14.16,True,Headphones & Earphones,0.0,0,JBL,6.739336627357174,0.0,Headphones & Earphones_x_JBL
4.4,3,15.14,False,Headphones & Earphones,0.33511170390130035,0,JBL,6.903747257584598,0.0,Headphones & Earphones_x_JBL
4.2,13,85.6,True,Headphones & Earphones,0.16759776536312848,0,Sony,7.85748078694253,0.0,Headphones & Earphones_x_Sony
4.3,1,39.0,False,Headphones & Earphones,0.0,0,JBL,5.501258210544727,0.0,Headphones & Earphones_x_JBL
,1,281.2,False,Headphones & Earphones,0.2789373814041746,0,Sennheiser,0.0,0.0,Headphones & Earphones_x_Sennheiser
4.4,2,109.24,False,Headphones & Earphones,0.0,0,Samsung,4.820281565605037,0.0,Headphones & Earphones_x_Samsung
4.1,1,99.99,True,Headphones & Earphones,0.0,0,soundcore,4.7535901911063645,0.0,Headphones & Earphones_x_soundcore
4.1,1,104.72,True,Headphones & Earphones,0.0,0,JBL,8.245384468120747,0.0,Headphones & Earphones_x_JBL
3.6,1,59.99,False,Headphones & Earphones,0.0,0,Jabra,4.882801922586371,0.0,Headphones & Earphones_x_Jabra
4.2,1,14.36,False,Headphones & Earphones,0.0,0,Sony,3.6635616461296463,0.0,Headphones & Earphones_x_Sony
4.6,1,133.17,True,Headphones & Earphones,0.030644926481292824,0,Sennheiser,6.6293632534374485,0.0,Headphones & Earphones_x_Sennheiser
4.0,1,59.99,False,Headphones & Earphones,0.0,0,JBL,4.77912349311153,0.0,Headphones & Earphones_x_JBL
4.5,1,134.99,True,Headphones & Earphones,0.12904058326343634,0,Sony,7.154615356913663,0.0,Headphones & Earphones_x_Sony
4.4,1,77.95,True,Headphones & Earphones,0.0,0,JBL,8.255568653283746,0.0,Headphones & Earphones_x_JBL
,1,139.0,False,Headphones & Earphones,0.0,0,Sennheiser,0.0,0.0,Headphones & Earphones_x_Sennheiser
3.9,1,39.99,True,Headphones & Earphones,0.0,0,Sony,6.486160788944089,0.0,Headphones & Earphones_x_Sony
4.5,4,212.53,False,Headphones & Earphones,0.0,0,Sennheiser,8.339261982923576,0.0,Headphones & Earphones_x_Sennheiser
4.3,1,149.99,True,Headphones & Earphones,0.0,0,soundcore,5.84354441703136,0.0,Headphones & Earphones_x_soundcore
3.7,1,635.87,True,Headphones & Earphones,0.0,0,Sennheiser,3.912023005428146,0.0,Headphones & Earphones_x_Sennheiser
4.3,3,11.39,False,Headphones & Earphones,0.0,0,JBL,5.659482215759621,0.0,Headphones & Earphones_x_JBL
3.9,1,29.99,False,Headphones & Earphones,0.0,0,soundcore,6.061456918928017,0.0,Headphones & Earphones_x_soundcore
4.5,2,145.45,True,Headphones & Earphones,0.0,0,Samsung,3.970291913552122,0.0,Headphones & Earphones_x_Samsung
,1,119.0,False,Headphones & Earphones,0.0,0,Sennheiser,0.0,0.0,Headphones & Earphones_x_Sennheiser
4.1,1,99.0,True,Headphones & Earphones,0.17493124427035583,0,Sennheiser,7.708410667257367,0.0,Headphones & Earphones_x_Sennheiser
,8,148.99,False,Headphones & Earphones,0.0,0,Samsung,0.0,0.0,Headphones & Earphones_x_Samsung
4.4,1,98.99,False,Headphones & Earphones,0.0,0,Sennheiser,8.65032450401942,0.0,Headphones & Earphones_x_Sennheiser
4.4,1,155.0,False,Headphones & Earphones,0.0,0,Samsung,5.993961427306569,0.0,Headphones & Earphones_x_Samsung
4.3,6,25.9,False,Headphones & Earphones,0.047619047619047644,0,Sennheiser,9.601030194502194,0.0,Headphones & Earphones_x_Sennheiser
4.0,1,169.99,False,Headphones & Earphones,0.0,1,Jabra,2.8903717578961645,2.1972245773362196,Headphones & Earphones_x_Jabra
4.0,1,29.99,False,Headphones & Earphones,0.0,0,JBL,3.8066624897703196,0.0,Headphones & Earphones_x_JBL
4.3,1,149.99,False,Headphones & Earphones,0.0,0,soundcore,5.84354441703136,0.0,Headphones & Earphones_x_soundcore
4.4,1,69.99,False,Headphones & Earphones,0.0,0,JBL,6.894670039433482,0.0,Headphones & Earphones_x_JBL
4.5,2,59.39,False,Headphones & Earphones,0.027333333333333296,0,Sennheiser,8.944811104165534,0.0,Headphones & Earphones_x_Sennheiser
4.6,1,229.99,False,Headphones & Earphones,0.0,0,Sennheiser,3.091042453358316,0.0,Headphones & Earphones_x_Sennheiser
3.9,1,4.45,False,Headphones & Earphones,0.0,0,Samsung,7.4318919168078,0.0,Headphones & Earphones_x_Samsung
4.6,4,24.95,False,Headphones & Earphones,0.25856464116029015,0,JBL,8.330863613224745,0.0,Headphones & Earphones_x_JBL
4.5,1,134.99,False,Headphones & Earphones,0.12904058326343634,0,Sony,7.154615356913663,0.0,Headphones & Earphones_x_Sony
4.3,5,90.0,False,Headphones & Earphones,0.0,0,Jabra,8.529911963824013,0.0,Headphones & Earphones_x_Jabra
4.1,1,99.0,False,Headphones & Earphones,0.17493124427035583,0,Sennheiser,7.708410667257367,0.0,Headphones & Earphones_x_Sennheiser
4.4,1,98.99,False,Headphones & Earphones,0.0,0,Sennheiser,8.65032450401942,0.0,Headphones & Earphones_x_Sennheiser
4.4,7,30.11,False,Headphones & Earphones,0.28851702250432776,0,Jabra,7.958227192322312,0.0,Headphones & Earphones_x_Jabra
3.6,1,7.49,False,Headphones & Earphones,0.0,0,Jabra,5.730099782973574,0.0,Headphones & Earphones_x_Jabra
4.3,1,293.22,False,Headphones & Earphones,0.0,0,Jabra,3.784189633918261,0.0,Headphones & Earphones_x_Jabra
4.6,4,137.75,False,Headphones & Earphones,0.0,0,Sennheiser,7.513163545234075,0.0,Headphones & Earphones_x_Sennheiser
4.1,1,47.05,False,Headphones & Earphones,0.0,0,Sennheiser,10.224701108196701,0.0,Headphones & Earphones_x_Sennheiser
